video_path,start_seconds,end_seconds,label,team_side,player_number,crop_x1,crop_y1,crop_x2,crop_y2,split,review_status,notes,match_id
../USA vs Germany _ Men's Volleyball _ Full Match _ 2024 Olympics [ylqePmC_klo].mp4,729,731,serve,far,,0,0,1280,430,train,reviewed,Human-reviewed; reviewer note: 12：10发球; Second-pass human-reviewed; operation=move_window; prior=background@728-728.8; confirmed=serve@729-731,usa-germany-2024-olympics
../USA vs Germany _ Men's Volleyball _ Full Match _ 2024 Olympics [ylqePmC_klo].mp4,731.6,732.4,background,far,,0,0,1280,430,train,reviewed,Human-reviewed; label corrected from receive,usa-germany-2024-olympics
../USA vs Germany _ Men's Volleyball _ Full Match _ 2024 Olympics [ylqePmC_klo].mp4,732.0,732.8,background,far,,0,0,1280,430,train,reviewed,Human-reviewed; label corrected from set,usa-germany-2024-olympics
../USA vs Germany _ Men's Volleyball _ Full Match _ 2024 Olympics [ylqePmC_klo].mp4,732.6,733.4,background,far,,0,0,1280,430,train,reviewed,Human-reviewed; label corrected from attack,usa-germany-2024-olympics
../USA vs Germany _ Men's Volleyball _ Full Match _ 2024 Olympics [ylqePmC_klo].mp4,733.9,734.7,block,far,,0,0,1280,430,train,reviewed,Human-reviewed,usa-germany-2024-olympics
../USA vs Germany _ Men's Volleyball _ Full Match _ 2024 Olympics [ylqePmC_klo].mp4,364.0,364.8,background,far,,0,0,1280,430,train,reviewed,Human-reviewed,usa-germany-2024-olympics
../USA vs Germany _ Men's Volleyball _ Full Match _ 2024 Olympics [ylqePmC_klo].mp4,2190.0,2190.8,background,near,,0,170,1280,720,train,reviewed,Human-reviewed,usa-germany-2024-olympics
../USA vs Germany _ Men's Volleyball _ Full Match _ 2024 Olympics [ylqePmC_klo].mp4,5124.0,5124.8,background,near,,0,170,1280,720,train,reviewed,Human-reviewed,usa-germany-2024-olympics
../USA vs Germany _ Men's Volleyball _ Full Match _ 2024 Olympics [ylqePmC_klo].mp4,5135.6,5136.4,background,near,,0,170,1280,720,train,reviewed,Human-reviewed,usa-germany-2024-olympics
../USA vs Germany _ Men's Volleyball _ Full Match _ 2024 Olympics [ylqePmC_klo].mp4,5862.0,5862.8,background,near,,0,170,1280,720,train,reviewed,Human-reviewed,usa-germany-2024-olympics
../USA vs Germany _ Men's Volleyball _ Full Match _ 2024 Olympics [ylqePmC_klo].mp4,5868.8,5869.6,background,near,,0,170,1280,720,train,reviewed,Human-reviewed,usa-germany-2024-olympics
../USA vs Germany _ Men's Volleyball _ Full Match _ 2024 Olympics [ylqePmC_klo].mp4,6221.0,6221.8,background,near,,0,170,1280,720,train,reviewed,Human-reviewed,usa-germany-2024-olympics
../USA vs Germany _ Men's Volleyball _ Full Match _ 2024 Olympics [ylqePmC_klo].mp4,6227.8,6228.6,background,near,,0,170,1280,720,train,reviewed,Human-reviewed,usa-germany-2024-olympics
../USA vs Germany _ Men's Volleyball _ Full Match _ 2024 Olympics [ylqePmC_klo].mp4,7326.0,7326.8,background,far,,0,0,1280,430,train,reviewed,Human-reviewed,usa-germany-2024-olympics
../USA vs Germany _ Men's Volleyball _ Full Match _ 2024 Olympics [ylqePmC_klo].mp4,2195.2,2196.0,serve,near,,0,170,1280,720,train,reviewed,Human-reviewed,usa-germany-2024-olympics
../USA vs Germany _ Men's Volleyball _ Full Match _ 2024 Olympics [ylqePmC_klo].mp4,6224.0,6224.8,serve,near,,0,170,1280,720,train,reviewed,Human-reviewed,usa-germany-2024-olympics
../USA vs Germany _ Men's Volleyball _ Full Match _ 2024 Olympics [ylqePmC_klo].mp4,7330.0,7330.8,serve,far,,0,0,1280,430,train,reviewed,Human-reviewed,usa-germany-2024-olympics
../USA vs Germany _ Men's Volleyball _ Full Match _ 2024 Olympics [ylqePmC_klo].mp4,3657.6,3658.4,background,far,,0,0,1280,430,train,reviewed,Human-reviewed; label corrected from attack,usa-germany-2024-olympics
../USA vs Germany _ Men's Volleyball _ Full Match _ 2024 Olympics [ylqePmC_klo].mp4,3658,3659,background,far,,0,0,1280,430,train,reviewed,Human-reviewed; label corrected from block; reviewer note: 1:01:00:20才刚开始block; Second-pass human-reviewed; operation=keep; prior=background@3659.4-3660.2; confirmed=background@3658-3659,usa-germany-2024-olympics
../USA vs Germany _ Men's Volleyball _ Full Match _ 2024 Olympics [ylqePmC_klo].mp4,3660.2,3661.0,block,far,,0,0,1280,430,train,reviewed,Human-reviewed; label corrected from receive,usa-germany-2024-olympics
../USA vs Germany _ Men's Volleyball _ Full Match _ 2024 Olympics [ylqePmC_klo].mp4,3660.5,3662,dig,far,,0,0,1280,430,train,reviewed,Human-reviewed; label corrected from set; Second-pass human-reviewed; operation=relabel; prior=receive@3660.6-3661.4; confirmed=dig@3660.5-3662; reviewer note: dig失败,usa-germany-2024-olympics
../USA vs Germany _ Men's Volleyball _ Full Match _ 2024 Olympics [ylqePmC_klo].mp4,4391,4392,serve,far,,0,0,1280,430,train,reviewed,Human-reviewed; label corrected from receive; reviewer note: serve到1：13:11.80开始background; Second-pass human-reviewed; operation=move_window; prior=serve@4391.2-4392; confirmed=serve@4391-4392,usa-germany-2024-olympics
../USA vs Germany _ Men's Volleyball _ Full Match _ 2024 Olympics [ylqePmC_klo].mp4,4391.8,4392.6,background,far,,0,0,1280,430,train,reviewed,Human-reviewed; label corrected from set,usa-germany-2024-olympics
../USA vs Germany _ Men's Volleyball _ Full Match _ 2024 Olympics [ylqePmC_klo].mp4,4392.4,4393.2,background,far,,0,0,1280,430,train,reviewed,Human-reviewed; label corrected from attack,usa-germany-2024-olympics
../USA vs Germany _ Men's Volleyball _ Full Match _ 2024 Olympics [ylqePmC_klo].mp4,4393.8,4394.6,block,far,,0,0,1280,430,train,reviewed,Human-reviewed,usa-germany-2024-olympics
../USA vs Germany _ Men's Volleyball _ Full Match _ 2024 Olympics [ylqePmC_klo].mp4,4394,4395,dig,far,,0,0,1280,430,train,reviewed,Human-reviewed; Second-pass human-reviewed; operation=relabel; prior=receive@4394.6-4395.4; confirmed=dig@4394-4395,usa-germany-2024-olympics
../USA vs Germany _ Men's Volleyball _ Full Match _ 2024 Olympics [ylqePmC_klo].mp4,4395.2,4396.0,background,far,,0,0,1280,430,train,reviewed,Human-reviewed; label corrected from set,usa-germany-2024-olympics
../USA vs Germany _ Men's Volleyball _ Full Match _ 2024 Olympics [ylqePmC_klo].mp4,4395.8,4396.6,background,far,,0,0,1280,430,train,reviewed,Human-reviewed; label corrected from attack,usa-germany-2024-olympics
../USA vs Germany _ Men's Volleyball _ Full Match _ 2024 Olympics [ylqePmC_klo].mp4,4397.8,4398.6,block,far,,0,0,1280,430,train,reviewed,Human-reviewed,usa-germany-2024-olympics
../USA vs Germany _ Men's Volleyball _ Full Match _ 2024 Olympics [ylqePmC_klo].mp4,5129,5130,background,near,,0,170,1280,720,train,reviewed,Human-reviewed; label corrected from receive; reviewer note: 不确定，receive在30-31之间; Second-pass human-reviewed; operation=keep; prior=background@5129.8-5130.6; confirmed=background@5129-5130,usa-germany-2024-olympics
../USA vs Germany _ Men's Volleyball _ Full Match _ 2024 Olympics [ylqePmC_klo].mp4,5130,5131,receive,near,,0,170,1280,720,train,reviewed,Human-reviewed; label corrected from set; reviewer note: receive应该30.60-31.20; Second-pass human-reviewed; operation=move_window; prior=background@5131-5131.8; confirmed=receive@5130-5131,usa-germany-2024-olympics
../USA vs Germany _ Men's Volleyball _ Full Match _ 2024 Olympics [ylqePmC_klo].mp4,5131.8,5132.6,set,near,,0,170,1280,720,train,reviewed,Human-reviewed; label corrected from attack,usa-germany-2024-olympics
../USA vs Germany _ Men's Volleyball _ Full Match _ 2024 Olympics [ylqePmC_klo].mp4,5132.8,5133.6,attack,near,,0,170,1280,720,train,reviewed,Human-reviewed; label corrected from block,usa-germany-2024-olympics
../USA vs Germany _ Men's Volleyball _ Full Match _ 2024 Olympics [ylqePmC_klo].mp4,5864,5865,receive,near,,0,170,1280,720,train,reviewed,Human-reviewed; reviewer note: 对手失误出界算不算receive？; Second-pass human-reviewed; operation=relabel; prior=receive@5864-5864.8; confirmed=receive@5864-5865; reviewer note: 确认为对手发球打到球员身上，德国队得分，算receive失败但触球,usa-germany-2024-olympics
../USA vs Germany _ Men's Volleyball _ Full Match _ 2024 Olympics [ylqePmC_klo].mp4,7332.4,7333.2,background,far,,0,0,1280,430,train,reviewed,Human-reviewed; label corrected from block,usa-germany-2024-olympics
../USA vs Germany _ Men's Volleyball _ Full Match _ 2024 Olympics [ylqePmC_klo].mp4,7333.4,7334.2,block,far,,0,0,1280,430,train,reviewed,Human-reviewed,usa-germany-2024-olympics
../USA vs Germany _ Men's Volleyball _ Full Match _ 2024 Olympics [ylqePmC_klo].mp4,375.2,376.0,background,far,,0,0,1280,430,train,reviewed,Human-reviewed; label corrected from receive,usa-germany-2024-olympics
../USA vs Germany _ Men's Volleyball _ Full Match _ 2024 Olympics [ylqePmC_klo].mp4,376,377,block,far,,0,0,1280,430,train,reviewed,Human-reviewed; label corrected from set; reviewer note: 不确定，刚开始block; Second-pass human-reviewed; operation=move_window; prior=background@375.6-376.4; confirmed=block@376-377,usa-germany-2024-olympics
../USA vs Germany _ Men's Volleyball _ Full Match _ 2024 Olympics [ylqePmC_klo].mp4,377.2,378.0,background,far,,0,0,1280,430,train,reviewed,Human-reviewed; label corrected from block; reviewer note: 没接到球,usa-germany-2024-olympics
../USA vs Germany _ Men's Volleyball _ Full Match _ 2024 Olympics [ylqePmC_klo].mp4,4022.6,4023.4,background,far,,0,0,1280,430,train,reviewed,Human-reviewed; label corrected from attack,usa-germany-2024-olympics
../USA vs Germany _ Men's Volleyball _ Full Match _ 2024 Olympics [ylqePmC_klo].mp4,4024,4025,receive,far,,0,0,1280,430,train,reviewed,Human-reviewed; label corrected from block; Second-pass human-reviewed; operation=relabel; prior=receive@4024.2-4025; confirmed=receive@4024-4025,usa-germany-2024-olympics
../USA vs Germany _ Men's Volleyball _ Full Match _ 2024 Olympics [ylqePmC_klo].mp4,4025.0,4025.8,background,far,,0,0,1280,430,train,reviewed,Human-reviewed; label corrected from receive,usa-germany-2024-olympics
../USA vs Germany _ Men's Volleyball _ Full Match _ 2024 Olympics [ylqePmC_klo].mp4,4025.4,4026.2,background,far,,0,0,1280,430,train,reviewed,Human-reviewed; label corrected from set,usa-germany-2024-olympics
../USA vs Germany _ Men's Volleyball _ Full Match _ 2024 Olympics [ylqePmC_klo].mp4,4026.0,4026.8,set,far,,0,0,1280,430,train,reviewed,Human-reviewed; label corrected from attack; reviewer note: attack大概是6.60-7.40,usa-germany-2024-olympics
../USA vs Germany _ Men's Volleyball _ Full Match _ 2024 Olympics [ylqePmC_klo].mp4,4760,4761,serve,far,,0,0,1280,430,train,reviewed,Human-reviewed; label corrected from receive; reviewer note: 20.6-21.6 serve; Second-pass human-reviewed; operation=move_window; prior=serve@4761.2-4762; confirmed=serve@4760-4761,usa-germany-2024-olympics
../USA vs Germany _ Men's Volleyball _ Full Match _ 2024 Olympics [ylqePmC_klo].mp4,4761.8,4762.6,background,far,,0,0,1280,430,train,reviewed,Human-reviewed; label corrected from set,usa-germany-2024-olympics
../USA vs Germany _ Men's Volleyball _ Full Match _ 2024 Olympics [ylqePmC_klo].mp4,4762.4,4763.2,background,far,,0,0,1280,430,train,reviewed,Human-reviewed; label corrected from attack,usa-germany-2024-olympics
../USA vs Germany _ Men's Volleyball _ Full Match _ 2024 Olympics [ylqePmC_klo].mp4,4764.2,4765.0,background,far,,0,0,1280,430,train,reviewed,Human-reviewed; label corrected from block,usa-germany-2024-olympics
../USA vs Germany _ Men's Volleyball _ Full Match _ 2024 Olympics [ylqePmC_klo].mp4,4765.0,4765.8,block,far,,0,0,1280,430,train,reviewed,Human-reviewed; label corrected from receive,usa-germany-2024-olympics
../USA vs Germany _ Men's Volleyball _ Full Match _ 2024 Olympics [ylqePmC_klo].mp4,4765,4766,dig,far,,0,0,1280,430,train,reviewed,Human-reviewed; label corrected from attack; Second-pass human-reviewed; operation=relabel; prior=receive@4765.8-4766.6; confirmed=dig@4765-4766,usa-germany-2024-olympics
../USA vs Germany _ Men's Volleyball _ Full Match _ 2024 Olympics [ylqePmC_klo].mp4,4766.2,4767.0,background,far,,0,0,1280,430,train,reviewed,Human-reviewed; label corrected from block,usa-germany-2024-olympics
../USA vs Germany _ Men's Volleyball _ Full Match _ 2024 Olympics [ylqePmC_klo].mp4,6945.0,6945.8,background,near,,0,170,1280,720,train,reviewed,Human-reviewed; label corrected from receive,usa-germany-2024-olympics
../USA vs Germany _ Men's Volleyball _ Full Match _ 2024 Olympics [ylqePmC_klo].mp4,6945.8,6946.6,background,near,,0,170,1280,720,train,reviewed,Human-reviewed; label corrected from set,usa-germany-2024-olympics
../USA vs Germany _ Men's Volleyball _ Full Match _ 2024 Olympics [ylqePmC_klo].mp4,6947.6,6948.4,background,near,,0,170,1280,720,train,reviewed,Human-reviewed; label corrected from attack,usa-germany-2024-olympics
../USA vs Germany _ Men's Volleyball _ Full Match _ 2024 Olympics [ylqePmC_klo].mp4,6950.2,6951.0,background,near,,0,170,1280,720,train,reviewed,Human-reviewed; label corrected from block,usa-germany-2024-olympics
../USA vs Germany _ Men's Volleyball _ Full Match _ 2024 Olympics [ylqePmC_klo].mp4,6951.0,6951.8,background,near,,0,170,1280,720,train,reviewed,Human-reviewed; label corrected from receive,usa-germany-2024-olympics
../USA vs Germany _ Men's Volleyball _ Full Match _ 2024 Olympics [ylqePmC_klo].mp4,6951.8,6952.6,background,near,,0,170,1280,720,train,reviewed,Human-reviewed; label corrected from set,usa-germany-2024-olympics
../USA vs Germany _ Men's Volleyball _ Full Match _ 2024 Olympics [ylqePmC_klo].mp4,6952.4,6953.2,background,near,,0,170,1280,720,train,reviewed,Human-reviewed; label corrected from attack,usa-germany-2024-olympics
../USA vs Germany _ Men's Volleyball _ Full Match _ 2024 Olympics [ylqePmC_klo].mp4,1467.4,1468.2,background,far,,0,0,1280,430,train,reviewed,Human-reviewed; label corrected from serve,usa-germany-2024-olympics
../USA vs Germany _ Men's Volleyball _ Full Match _ 2024 Olympics [ylqePmC_klo].mp4,4750.0,4750.8,background,far,,0,0,1280,430,train,reviewed,Human-reviewed,usa-germany-2024-olympics
../USA vs Germany _ Men's Volleyball _ Full Match _ 2024 Olympics [ylqePmC_klo].mp4,5489.0,5489.8,background,near,,0,170,1280,720,train,reviewed,Human-reviewed,usa-germany-2024-olympics
../USA vs Germany _ Men's Volleyball _ Full Match _ 2024 Olympics [ylqePmC_klo].mp4,1149,1150,serve,far,,0,0,1280,430,train,reviewed,Human-reviewed; label corrected from serve; reviewer note: 0：19：08.60才刚开始serve; Second-pass human-reviewed; operation=move_window; prior=background@1147.8-1148.6; confirmed=serve@1149-1150,usa-germany-2024-olympics
../USA vs Germany _ Men's Volleyball _ Full Match _ 2024 Olympics [ylqePmC_klo].mp4,1320,1321,serve,far,,0,0,1280,430,train,reviewed,Human-reviewed; label corrected from serve; reviewer note: 0:22:00.00刚开始serve; Second-pass human-reviewed; operation=move_window; prior=background@1319.2-1320; confirmed=serve@1320-1321,usa-germany-2024-olympics
../USA vs Germany _ Men's Volleyball _ Full Match _ 2024 Olympics [ylqePmC_klo].mp4,1397,1398,serve,far,,0,0,1280,430,train,reviewed,Human-reviewed; label corrected from serve; reviewer note: 0:23:17.00刚开始serve; Second-pass human-reviewed; operation=move_window; prior=background@1396.2-1397; confirmed=serve@1397-1398,usa-germany-2024-olympics
../USA vs Germany _ Men's Volleyball _ Full Match _ 2024 Olympics [ylqePmC_klo].mp4,4026,4027,attack,far,,0,0,1280,430,train,reviewed,Human-reviewed; label corrected from attack; reviewer note: attack大概是6.60-7.40; Second-pass human-reviewed; added from source record 46; confirmed=attack@4026-4027,usa-germany-2024-olympics
../USA vs Germany _ Men's Volleyball _ Full Match _ 2024 Olympics [ylqePmC_klo].mp4,6945,6946,receive,near,,0,170,1280,720,train,reviewed,Expansion batch 01; source workbook cell 完整回合!G5; input time 45-46; confirmed=receive@6945-6946; source note: 45-46 receive; 46-47 set; 48-49 attack; 51-52 block; 52-53 dig; 53-54 set; 54-55 attack(没碰到球）,usa-germany-2024-olympics
../USA vs Germany _ Men's Volleyball _ Full Match _ 2024 Olympics [ylqePmC_klo].mp4,6946,6947,set,near,,0,170,1280,720,train,reviewed,Expansion batch 01; source workbook cell 完整回合!G5; input time 46-47; confirmed=set@6946-6947; source note: 45-46 receive; 46-47 set; 48-49 attack; 51-52 block; 52-53 dig; 53-54 set; 54-55 attack(没碰到球）,usa-germany-2024-olympics
../USA vs Germany _ Men's Volleyball _ Full Match _ 2024 Olympics [ylqePmC_klo].mp4,6948,6949,attack,near,,0,170,1280,720,train,reviewed,Expansion batch 01; source workbook cell 完整回合!G5; input time 48-49; confirmed=attack@6948-6949; source note: 45-46 receive; 46-47 set; 48-49 attack; 51-52 block; 52-53 dig; 53-54 set; 54-55 attack(没碰到球）,usa-germany-2024-olympics
../USA vs Germany _ Men's Volleyball _ Full Match _ 2024 Olympics [ylqePmC_klo].mp4,6951,6952,block,near,,0,170,1280,720,train,reviewed,Expansion batch 01; source workbook cell 完整回合!G5; input time 51-52; confirmed=block@6951-6952; source note: 45-46 receive; 46-47 set; 48-49 attack; 51-52 block; 52-53 dig; 53-54 set; 54-55 attack(没碰到球）,usa-germany-2024-olympics
../USA vs Germany _ Men's Volleyball _ Full Match _ 2024 Olympics [ylqePmC_klo].mp4,6952,6953,dig,near,,0,170,1280,720,train,reviewed,Expansion batch 01; source workbook cell 完整回合!G5; input time 52-53; confirmed=dig@6952-6953; source note: 45-46 receive; 46-47 set; 48-49 attack; 51-52 block; 52-53 dig; 53-54 set; 54-55 attack(没碰到球）,usa-germany-2024-olympics
../USA vs Germany _ Men's Volleyball _ Full Match _ 2024 Olympics [ylqePmC_klo].mp4,6953,6954,set,near,,0,170,1280,720,train,reviewed,Expansion batch 01; source workbook cell 完整回合!G5; input time 53-54; confirmed=set@6953-6954; source note: 45-46 receive; 46-47 set; 48-49 attack; 51-52 block; 52-53 dig; 53-54 set; 54-55 attack(没碰到球）,usa-germany-2024-olympics
../USA vs Germany _ Men's Volleyball _ Full Match _ 2024 Olympics [ylqePmC_klo].mp4,1323,1324,block,far,,0,0,1280,430,train,reviewed,Expansion batch 01; source workbook cell 完整回合!G9; input time 22:03-22:04; confirmed=block@1323-1324; source note: 22:03-22:04 block 22:07-22:08 block,usa-germany-2024-olympics
../USA vs Germany _ Men's Volleyball _ Full Match _ 2024 Olympics [ylqePmC_klo].mp4,1327,1328,block,far,,0,0,1280,430,train,reviewed,Expansion batch 01; source workbook cell 完整回合!G9; input time 22:07-22:08; confirmed=block@1327-1328; source note: 22:03-22:04 block 22:07-22:08 block,usa-germany-2024-olympics
../USA vs Germany _ Men's Volleyball _ Full Match _ 2024 Olympics [ylqePmC_klo].mp4,839,840,receive,far,,0,0,1280,430,train,reviewed,"Expansion batch 02; source workbook cell 完整回合!G5; input time 13:59-14:00; confirmed=receive@839-840; source note: 13:59-14:00 receive, 14:00-01 set, 01-02 attack",usa-germany-2024-olympics
../USA vs Germany _ Men's Volleyball _ Full Match _ 2024 Olympics [ylqePmC_klo].mp4,840,841,set,far,,0,0,1280,430,train,reviewed,"Expansion batch 02; source workbook cell 完整回合!G5; input time 14:00-01; confirmed=set@840-841; source note: 13:59-14:00 receive, 14:00-01 set, 01-02 attack",usa-germany-2024-olympics
../USA vs Germany _ Men's Volleyball _ Full Match _ 2024 Olympics [ylqePmC_klo].mp4,841,842,attack,far,,0,0,1280,430,train,reviewed,"Expansion batch 02; source workbook cell 完整回合!G5; input time 01-02; confirmed=attack@841-842; source note: 13:59-14:00 receive, 14:00-01 set, 01-02 attack",usa-germany-2024-olympics
../USA vs Germany _ Men's Volleyball _ Full Match _ 2024 Olympics [ylqePmC_klo].mp4,2375,2376,serve,near,,0,170,1280,720,train,reviewed,"Expansion batch 02; source workbook cell 完整回合!G6; input time 35-36; confirmed=serve@2375-2376; source note: 35-36 serve, 37-38 dig, 38-39 set, 40-41 attack, 43-44 block",usa-germany-2024-olympics
../USA vs Germany _ Men's Volleyball _ Full Match _ 2024 Olympics [ylqePmC_klo].mp4,2377,2378,dig,near,,0,170,1280,720,train,reviewed,"Expansion batch 02; source workbook cell 完整回合!G6; input time 37-38; confirmed=dig@2377-2378; source note: 35-36 serve, 37-38 dig, 38-39 set, 40-41 attack, 43-44 block",usa-germany-2024-olympics
../USA vs Germany _ Men's Volleyball _ Full Match _ 2024 Olympics [ylqePmC_klo].mp4,2378,2379,set,near,,0,170,1280,720,train,reviewed,"Expansion batch 02; source workbook cell 完整回合!G6; input time 38-39; confirmed=set@2378-2379; source note: 35-36 serve, 37-38 dig, 38-39 set, 40-41 attack, 43-44 block",usa-germany-2024-olympics
../USA vs Germany _ Men's Volleyball _ Full Match _ 2024 Olympics [ylqePmC_klo].mp4,2380,2381,attack,near,,0,170,1280,720,train,reviewed,"Expansion batch 02; source workbook cell 完整回合!G6; input time 40-41; confirmed=attack@2380-2381; source note: 35-36 serve, 37-38 dig, 38-39 set, 40-41 attack, 43-44 block",usa-germany-2024-olympics
../USA vs Germany _ Men's Volleyball _ Full Match _ 2024 Olympics [ylqePmC_klo].mp4,2383,2384,block,near,,0,170,1280,720,train,reviewed,"Expansion batch 02; source workbook cell 完整回合!G6; input time 43-44; confirmed=block@2383-2384; source note: 35-36 serve, 37-38 dig, 38-39 set, 40-41 attack, 43-44 block",usa-germany-2024-olympics
../USA vs Germany _ Men's Volleyball _ Full Match _ 2024 Olympics [ylqePmC_klo].mp4,4212,4213,receive,far,,0,0,1280,430,train,reviewed,"Expansion batch 02; source workbook cell 完整回合!G7; input time 12-13; confirmed=receive@4212-4213; source note: 12-13 receive, 14-15 set, 15-16 attack",usa-germany-2024-olympics
../USA vs Germany _ Men's Volleyball _ Full Match _ 2024 Olympics [ylqePmC_klo].mp4,4214,4215,set,far,,0,0,1280,430,train,reviewed,"Expansion batch 02; source workbook cell 完整回合!G7; input time 14-15; confirmed=set@4214-4215; source note: 12-13 receive, 14-15 set, 15-16 attack",usa-germany-2024-olympics
../USA vs Germany _ Men's Volleyball _ Full Match _ 2024 Olympics [ylqePmC_klo].mp4,4215,4216,attack,far,,0,0,1280,430,train,reviewed,"Expansion batch 02; source workbook cell 完整回合!G7; input time 15-16; confirmed=attack@4215-4216; source note: 12-13 receive, 14-15 set, 15-16 attack",usa-germany-2024-olympics
../USA vs Germany _ Men's Volleyball _ Full Match _ 2024 Olympics [ylqePmC_klo].mp4,5650,5651,attack,near,,0,170,1280,720,train,reviewed,"Expansion batch 02; source workbook cell 完整回合!G8; input time 10-11; confirmed=attack@5650-5651; source note: 10-11 attack, 14-15 dig, 16-17 set, 16-17 attack (快攻所以同一秒), 20-21 block",usa-germany-2024-olympics
../USA vs Germany _ Men's Volleyball _ Full Match _ 2024 Olympics [ylqePmC_klo].mp4,5654,5655,dig,near,,0,170,1280,720,train,reviewed,"Expansion batch 02; source workbook cell 完整回合!G8; input time 14-15; confirmed=dig@5654-5655; source note: 10-11 attack, 14-15 dig, 16-17 set, 16-17 attack (快攻所以同一秒), 20-21 block",usa-germany-2024-olympics
../USA vs Germany _ Men's Volleyball _ Full Match _ 2024 Olympics [ylqePmC_klo].mp4,5655.9,5656.5,set,near,,0,170,1280,720,train,reviewed,"Expansion batch 02; source workbook cell 完整回合!G8; input time 16-17; confirmed=set@5655.9-5656.5; source note: 10-11 attack, 14-15 dig, 16-17 set, 16-17 attack (快攻所以同一秒), 20-21 block; frame-refined to separate the second-touch and quick attack",usa-germany-2024-olympics
../USA vs Germany _ Men's Volleyball _ Full Match _ 2024 Olympics [ylqePmC_klo].mp4,5656.6,5657.2,attack,near,,0,170,1280,720,train,reviewed,"Expansion batch 02; source workbook cell 完整回合!G8; input time 16-17; confirmed=attack@5656.6-5657.2; source note: 10-11 attack, 14-15 dig, 16-17 set, 16-17 attack (快攻所以同一秒), 20-21 block; frame-refined to separate the second-touch and quick attack",usa-germany-2024-olympics
../USA vs Germany _ Men's Volleyball _ Full Match _ 2024 Olympics [ylqePmC_klo].mp4,5660,5661,block,near,,0,170,1280,720,train,reviewed,"Expansion batch 02; source workbook cell 完整回合!G8; input time 20-21; confirmed=block@5660-5661; source note: 10-11 attack, 14-15 dig, 16-17 set, 16-17 attack (快攻所以同一秒), 20-21 block",usa-germany-2024-olympics
../USA vs Germany _ Men's Volleyball _ Full Match _ 2024 Olympics [ylqePmC_klo].mp4,7386,7387,serve,far,,0,0,1280,430,train,reviewed,Expansion batch 02; source workbook cell 完整回合!G10; input time 3:06-07; confirmed=serve@7386-7387; source note: 3:06-07 serve,usa-germany-2024-olympics
../YTDown.com_YouTube_Rangitoto-vs-Taka-National-Final-Sets-1-_Media_k3PdQgm2jVs_001_1080p.mp4,161.2,170.2,background,near,,0,255,1920,1080,train,reviewed,Evidence-aware active review source_ref=round-01-clip-006/action-001; review_label=background.,rangitoto-taka-national-final
../YTDown.com_YouTube_Rangitoto-vs-Taka-National-Final-Sets-1-_Media_k3PdQgm2jVs_001_1080p.mp4,170.2,171.2,receive,near,,0,255,1920,1080,train,reviewed,Evidence-aware active review source_ref=round-01-clip-006/action-002; review_label=receive.,rangitoto-taka-national-final
../YTDown.com_YouTube_Rangitoto-vs-Taka-National-Final-Sets-1-_Media_k3PdQgm2jVs_001_1080p.mp4,172.2,173.2,set,near,,0,255,1920,1080,train,reviewed,Evidence-aware active review source_ref=round-01-clip-006/action-003; review_label=set.,rangitoto-taka-national-final
../YTDown.com_YouTube_Rangitoto-vs-Taka-National-Final-Sets-1-_Media_k3PdQgm2jVs_001_1080p.mp4,173.2,174.2,attack,near,,0,255,1920,1080,train,reviewed,Evidence-aware active review source_ref=round-01-clip-006/action-004; review_label=attack.,rangitoto-taka-national-final
../YTDown.com_YouTube_Rangitoto-vs-Taka-National-Final-Sets-1-_Media_k3PdQgm2jVs_001_1080p.mp4,191.8,192.8,serve,near,,0,255,1920,1080,train,reviewed,Evidence-aware active review source_ref=round-01-clip-007/action-001; review_label=serve.,rangitoto-taka-national-final
../YTDown.com_YouTube_Rangitoto-vs-Taka-National-Final-Sets-1-_Media_k3PdQgm2jVs_001_1080p.mp4,193.8,194.8,block,near,,0,255,1920,1080,train,reviewed,Evidence-aware active review source_ref=round-01-clip-007/action-002; review_label=block. Reviewer note: 3-4 防守没接到球，不算dig吗（失分）,rangitoto-taka-national-final
../YTDown.com_YouTube_Rangitoto-vs-Taka-National-Final-Sets-1-_Media_k3PdQgm2jVs_001_1080p.mp4,454.2,455.2,block,near,,0,255,1920,1080,train,reviewed,Evidence-aware active review source_ref=round-01-clip-009/action-002; review_label=block.,rangitoto-taka-national-final
../YTDown.com_YouTube_Rangitoto-vs-Taka-National-Final-Sets-1-_Media_k3PdQgm2jVs_001_1080p.mp4,455.2,456.2,dig,near,,0,255,1920,1080,train,reviewed,Evidence-aware active review source_ref=round-01-clip-009/action-003; review_label=dig.,rangitoto-taka-national-final
../YTDown.com_YouTube_Rangitoto-vs-Taka-National-Final-Sets-1-_Media_k3PdQgm2jVs_001_1080p.mp4,604.8,605.8,receive,near,,0,255,1920,1080,train,reviewed,Evidence-aware active review source_ref=round-01-clip-011/action-001; review_label=receive.,rangitoto-taka-national-final
../YTDown.com_YouTube_Rangitoto-vs-Taka-National-Final-Sets-1-_Media_k3PdQgm2jVs_001_1080p.mp4,606.8,607.8,set,near,,0,255,1920,1080,train,reviewed,Evidence-aware active review source_ref=round-01-clip-011/action-002; review_label=set.,rangitoto-taka-national-final
../YTDown.com_YouTube_Rangitoto-vs-Taka-National-Final-Sets-1-_Media_k3PdQgm2jVs_001_1080p.mp4,607.8,608.8,attack,near,,0,255,1920,1080,train,reviewed,Evidence-aware active review source_ref=round-01-clip-011/action-003; review_label=attack. Reviewer note: 后面副攻被晃起来的无效拦网，不知道算不算block,rangitoto-taka-national-final
../YTDown.com_YouTube_Rangitoto-vs-Taka-National-Final-Sets-1-_Media_k3PdQgm2jVs_001_1080p.mp4,1168.8,1169.8,receive,near,,0,255,1920,1080,train,reviewed,Evidence-aware active review source_ref=round-01-clip-015/action-001; review_label=receive.,rangitoto-taka-national-final
../YTDown.com_YouTube_Rangitoto-vs-Taka-National-Final-Sets-1-_Media_k3PdQgm2jVs_001_1080p.mp4,1169.8,1170.8,set,near,,0,255,1920,1080,train,reviewed,Evidence-aware active review source_ref=round-01-clip-015/action-002; review_label=set.,rangitoto-taka-national-final
../YTDown.com_YouTube_Rangitoto-vs-Taka-National-Final-Sets-1-_Media_k3PdQgm2jVs_001_1080p.mp4,1170.8,1171.8,attack,near,,0,255,1920,1080,train,reviewed,Evidence-aware active review source_ref=round-01-clip-015/action-003; review_label=attack.,rangitoto-taka-national-final
../YTDown.com_YouTube_Rangitoto-vs-Taka-National-Final-Sets-1-_Media_k3PdQgm2jVs_001_1080p.mp4,1380.6,1381.6,block,near,,0,255,1920,1080,train,reviewed,Evidence-aware active review source_ref=round-01-clip-016/action-001; review_label=block.,rangitoto-taka-national-final
../YTDown.com_YouTube_Rangitoto-vs-Taka-National-Final-Sets-1-_Media_k3PdQgm2jVs_001_1080p.mp4,1717.2,1718.2,receive,near,,0,255,1920,1080,train,reviewed,Evidence-aware active review source_ref=round-01-clip-017/action-001; review_label=receive. Reviewer note: 接球失误，队友救球的垫的第二下和第三下推攻不知道算不算动作,rangitoto-taka-national-final
../YTDown.com_YouTube_Rangitoto-vs-Taka-National-Final-Sets-1-_Media_k3PdQgm2jVs_001_1080p.mp4,1789.6,1790.6,serve,near,,0,255,1920,1080,train,reviewed,Evidence-aware active review source_ref=round-01-clip-018/action-001; review_label=serve.,rangitoto-taka-national-final
../YTDown.com_YouTube_Rangitoto-vs-Taka-National-Final-Sets-1-_Media_k3PdQgm2jVs_001_1080p.mp4,1793.6,1794.6,block,near,,0,255,1920,1080,train,reviewed,Evidence-aware active review source_ref=round-01-clip-018/action-002; review_label=block.,rangitoto-taka-national-final
../YTDown.com_YouTube_Rangitoto-vs-Taka-National-Final-Sets-1-_Media_k3PdQgm2jVs_001_1080p.mp4,1794.6,1795.6,dig,near,,0,255,1920,1080,train,reviewed,Evidence-aware active review source_ref=round-01-clip-018/action-003; review_label=dig. Reviewer note: 8-9尝试推攻失败，没过网。,rangitoto-taka-national-final
../YTDown.com_YouTube_Rangitoto-vs-Taka-National-Final-Sets-1-_Media_k3PdQgm2jVs_001_1080p.mp4,1817.4,1818.4,receive,near,,0,255,1920,1080,train,reviewed,Evidence-aware active review source_ref=round-01-clip-019/action-001; review_label=receive.,rangitoto-taka-national-final
../YTDown.com_YouTube_Rangitoto-vs-Taka-National-Final-Sets-1-_Media_k3PdQgm2jVs_001_1080p.mp4,1819.4,1820.4,set,near,,0,255,1920,1080,train,reviewed,Evidence-aware active review source_ref=round-01-clip-019/action-002; review_label=set.,rangitoto-taka-national-final
../YTDown.com_YouTube_Rangitoto-vs-Taka-National-Final-Sets-1-_Media_k3PdQgm2jVs_001_1080p.mp4,1820.4,1821.4,attack,near,,0,255,1920,1080,train,reviewed,Evidence-aware active review source_ref=round-01-clip-019/action-003; review_label=attack.,rangitoto-taka-national-final
../YTDown.com_YouTube_Rangitoto-vs-Taka-National-Final-Sets-1-_Media_k3PdQgm2jVs_001_1080p.mp4,2181.2,2182.2,receive,near,,0,255,1920,1080,train,reviewed,Evidence-aware active review source_ref=round-01-clip-021/action-001; review_label=receive.,rangitoto-taka-national-final
../YTDown.com_YouTube_Rangitoto-vs-Taka-National-Final-Sets-1-_Media_k3PdQgm2jVs_001_1080p.mp4,2183.2,2184.2,set,near,,0,255,1920,1080,train,reviewed,Evidence-aware active review source_ref=round-01-clip-021/action-002; review_label=set.,rangitoto-taka-national-final
../YTDown.com_YouTube_Rangitoto-vs-Taka-National-Final-Sets-1-_Media_k3PdQgm2jVs_001_1080p.mp4,2184.2,2185.2,attack,near,,0,255,1920,1080,train,reviewed,Evidence-aware active review source_ref=round-01-clip-021/action-003; review_label=attack.,rangitoto-taka-national-final
../YTDown.com_YouTube_Rangitoto-vs-Taka-National-Final-Sets-1-_Media_k3PdQgm2jVs_001_1080p.mp4,2188.2,2189.2,dig,near,,0,255,1920,1080,train,reviewed,Evidence-aware active review source_ref=round-01-clip-021/action-004; review_label=dig.,rangitoto-taka-national-final
../YTDown.com_YouTube_Rangitoto-vs-Taka-National-Final-Sets-1-_Media_k3PdQgm2jVs_001_1080p.mp4,2190.2,2191.2,set,near,,0,255,1920,1080,train,reviewed,Evidence-aware active review source_ref=round-01-clip-021/action-005; review_label=set.,rangitoto-taka-national-final
../YTDown.com_YouTube_Rangitoto-vs-Taka-National-Final-Sets-1-_Media_k3PdQgm2jVs_001_1080p.mp4,2191.2,2192.2,attack,near,,0,255,1920,1080,train,reviewed,Evidence-aware active review source_ref=round-01-clip-021/action-006; review_label=attack.,rangitoto-taka-national-final
../YTDown.com_YouTube_Rangitoto-vs-Taka-National-Final-Sets-1-_Media_k3PdQgm2jVs_001_1080p.mp4,2195.2,2196.2,block,near,,0,255,1920,1080,train,reviewed,Evidence-aware active review source_ref=round-01-clip-021/action-007; review_label=block.,rangitoto-taka-national-final
../YTDown.com_YouTube_Rangitoto-vs-Taka-National-Final-Sets-1-_Media_k3PdQgm2jVs_001_1080p.mp4,2196.2,2197.2,dig,near,,0,255,1920,1080,train,reviewed,Evidence-aware active review source_ref=round-01-clip-021/action-008; review_label=dig.,rangitoto-taka-national-final
../YTDown.com_YouTube_Rangitoto-vs-Taka-National-Final-Sets-1-_Media_k3PdQgm2jVs_001_1080p.mp4,2198.2,2199.2,set,near,,0,255,1920,1080,train,reviewed,Evidence-aware active review source_ref=round-01-clip-021/action-009; review_label=set.,rangitoto-taka-national-final
../YTDown.com_YouTube_Rangitoto-vs-Taka-National-Final-Sets-1-_Media_k3PdQgm2jVs_001_1080p.mp4,2200.2,2201.2,attack,near,,0,255,1920,1080,train,reviewed,Evidence-aware active review source_ref=round-01-clip-021/action-010; review_label=attack.,rangitoto-taka-national-final
../YTDown.com_YouTube_Rangitoto-vs-Taka-National-Final-Sets-1-_Media_k3PdQgm2jVs_001_1080p.mp4,2274,2275,receive,near,,0,255,1920,1080,train,reviewed,Evidence-aware active review source_ref=round-01-clip-022/action-001; review_label=receive.,rangitoto-taka-national-final
../YTDown.com_YouTube_Rangitoto-vs-Taka-National-Final-Sets-1-_Media_k3PdQgm2jVs_001_1080p.mp4,2276,2277,set,near,,0,255,1920,1080,train,reviewed,Evidence-aware active review source_ref=round-01-clip-022/action-002; review_label=set.,rangitoto-taka-national-final
../YTDown.com_YouTube_Rangitoto-vs-Taka-National-Final-Sets-1-_Media_k3PdQgm2jVs_001_1080p.mp4,2277,2278,attack,near,,0,255,1920,1080,train,reviewed,Evidence-aware active review source_ref=round-01-clip-022/action-003; review_label=attack.,rangitoto-taka-national-final
../YTDown.com_YouTube_Rangitoto-vs-Taka-National-Final-Sets-1-_Media_k3PdQgm2jVs_001_1080p.mp4,2347.2,2348.2,receive,near,,0,255,1920,1080,train,reviewed,Evidence-aware active review source_ref=round-01-clip-023/action-001; review_label=receive.,rangitoto-taka-national-final
../YTDown.com_YouTube_Rangitoto-vs-Taka-National-Final-Sets-1-_Media_k3PdQgm2jVs_001_1080p.mp4,2348.2,2349.2,set,near,,0,255,1920,1080,train,reviewed,Evidence-aware active review source_ref=round-01-clip-023/action-002; review_label=set.,rangitoto-taka-national-final
../YTDown.com_YouTube_Rangitoto-vs-Taka-National-Final-Sets-1-_Media_k3PdQgm2jVs_001_1080p.mp4,2349.2,2350.2,attack,near,,0,255,1920,1080,train,reviewed,Evidence-aware active review source_ref=round-01-clip-023/action-003; review_label=attack.,rangitoto-taka-national-final
../YTDown.com_YouTube_Rangitoto-vs-Taka-National-Final-Sets-1-_Media_k3PdQgm2jVs_001_1080p.mp4,2351.2,2352.2,set,near,,0,255,1920,1080,train,reviewed,Evidence-aware active review source_ref=round-01-clip-023/action-005; review_label=set.,rangitoto-taka-national-final
../YTDown.com_YouTube_Rangitoto-vs-Taka-National-Final-Sets-1-_Media_k3PdQgm2jVs_001_1080p.mp4,2352.2,2353.2,attack,near,,0,255,1920,1080,train,reviewed,Evidence-aware active review source_ref=round-01-clip-023/action-006; review_label=attack.,rangitoto-taka-national-final
../YTDown.com_YouTube_Rangitoto-vs-Taka-National-Final-Sets-1-_Media_k3PdQgm2jVs_001_1080p.mp4,2369.6,2370.6,receive,near,,0,255,1920,1080,train,reviewed,Evidence-aware active review source_ref=round-01-clip-024/action-001; review_label=receive.,rangitoto-taka-national-final
../YTDown.com_YouTube_Rangitoto-vs-Taka-National-Final-Sets-1-_Media_k3PdQgm2jVs_001_1080p.mp4,2373.6,2374.6,block,near,,0,255,1920,1080,train,reviewed,Evidence-aware active review source_ref=round-01-clip-024/action-002; review_label=block.,rangitoto-taka-national-final
../YTDown.com_YouTube_Rangitoto-vs-Taka-National-Final-Sets-1-_Media_k3PdQgm2jVs_001_1080p.mp4,2374.6,2375.6,dig,near,,0,255,1920,1080,train,reviewed,Evidence-aware active review source_ref=round-01-clip-024/action-003; review_label=dig.,rangitoto-taka-national-final
../YTDown.com_YouTube_Rangitoto-vs-Taka-National-Final-Sets-1-_Media_k3PdQgm2jVs_001_1080p.mp4,2375.6,2376.6,set,near,,0,255,1920,1080,train,reviewed,Evidence-aware active review source_ref=round-01-clip-024/action-004; review_label=set.,rangitoto-taka-national-final
../YTDown.com_YouTube_Rangitoto-vs-Taka-National-Final-Sets-1-_Media_k3PdQgm2jVs_001_1080p.mp4,2378.6,2379.6,background,near,,0,255,1920,1080,train,reviewed,Evidence-aware active review source_ref=round-01-clip-024/action-005; review_label=free_ball. Reviewer note: 垫过去的自由球算不算进攻,rangitoto-taka-national-final
../YTDown.com_YouTube_Rangitoto-vs-Taka-National-Final-Sets-1-_Media_k3PdQgm2jVs_001_1080p.mp4,2382.6,2383.6,block,near,,0,255,1920,1080,train,reviewed,Evidence-aware active review source_ref=round-01-clip-024/action-006; review_label=block.,rangitoto-taka-national-final
../YTDown.com_YouTube_Rangitoto-vs-Taka-National-Final-Sets-1-_Media_k3PdQgm2jVs_001_1080p.mp4,2383.6,2384.6,dig,near,,0,255,1920,1080,train,reviewed,Evidence-aware active review source_ref=round-01-clip-024/action-007; review_label=dig.,rangitoto-taka-national-final
../YTDown.com_YouTube_Rangitoto-vs-Taka-National-Final-Sets-1-_Media_k3PdQgm2jVs_001_1080p.mp4,2385.6,2386.6,set,near,,0,255,1920,1080,train,reviewed,Evidence-aware active review source_ref=round-01-clip-024/action-008; review_label=set.,rangitoto-taka-national-final
../YTDown.com_YouTube_Rangitoto-vs-Taka-National-Final-Sets-1-_Media_k3PdQgm2jVs_001_1080p.mp4,2386.6,2387.6,attack,near,,0,255,1920,1080,train,reviewed,Evidence-aware active review source_ref=round-01-clip-024/action-009; review_label=attack.,rangitoto-taka-national-final
../YTDown.com_YouTube_Rangitoto-vs-Taka-National-Final-Sets-1-_Media_k3PdQgm2jVs_001_1080p.mp4,3929.2,3930.2,receive,near,,0,255,1920,1080,train,reviewed,Evidence-aware active review source_ref=round-01-clip-027/action-001; review_label=receive.,rangitoto-taka-national-final
../YTDown.com_YouTube_Rangitoto-vs-Taka-National-Final-Sets-1-_Media_k3PdQgm2jVs_001_1080p.mp4,3961.6,3962.6,dig,near,,0,255,1920,1080,train,reviewed,Evidence-aware active review source_ref=round-01-clip-028/action-001; review_label=dig.,rangitoto-taka-national-final
../YTDown.com_YouTube_Rangitoto-vs-Taka-National-Final-Sets-1-_Media_k3PdQgm2jVs_001_1080p.mp4,3962.6,3963.6,set,near,,0,255,1920,1080,train,reviewed,Evidence-aware active review source_ref=round-01-clip-028/action-002; review_label=set.,rangitoto-taka-national-final
../YTDown.com_YouTube_Rangitoto-vs-Taka-National-Final-Sets-1-_Media_k3PdQgm2jVs_001_1080p.mp4,3963.6,3964.6,attack,near,,0,255,1920,1080,train,reviewed,Evidence-aware active review source_ref=round-01-clip-028/action-003; review_label=attack.,rangitoto-taka-national-final
../YTDown.com_YouTube_Rangitoto-vs-Taka-National-Final-Sets-1-_Media_k3PdQgm2jVs_001_1080p.mp4,4210,4211,serve,near,,0,255,1920,1080,train,reviewed,Evidence-aware active review source_ref=round-01-clip-030/action-001; review_label=serve.,rangitoto-taka-national-final
../YTDown.com_YouTube_Rangitoto-vs-Taka-National-Final-Sets-1-_Media_k3PdQgm2jVs_001_1080p.mp4,4374.2,4375.2,serve,near,,0,255,1920,1080,train,reviewed,Evidence-aware active review source_ref=round-01-clip-031/action-001; review_label=serve.,rangitoto-taka-national-final
../YTDown.com_YouTube_Rangitoto-vs-Taka-National-Final-Sets-1-_Media_k3PdQgm2jVs_001_1080p.mp4,4443,4444,serve,near,,0,255,1920,1080,train,reviewed,Evidence-aware active review source_ref=round-01-clip-034/action-001; review_label=serve. Reviewer note: 根据裁判手势判断得分了,rangitoto-taka-national-final
../YTDown.com_YouTube_Rangitoto-vs-Taka-National-Final-Sets-1-_Media_k3PdQgm2jVs_001_1080p.mp4,5366,5367,receive,near,,0,255,1920,1080,train,reviewed,Evidence-aware active review source_ref=round-01-clip-037/action-001; review_label=receive.,rangitoto-taka-national-final
../YTDown.com_YouTube_Rangitoto-vs-Taka-National-Final-Sets-1-_Media_k3PdQgm2jVs_001_1080p.mp4,5367,5368,set,near,,0,255,1920,1080,train,reviewed,Evidence-aware active review source_ref=round-01-clip-037/action-002; review_label=set.,rangitoto-taka-national-final
../YTDown.com_YouTube_Rangitoto-vs-Taka-National-Final-Sets-1-_Media_k3PdQgm2jVs_001_1080p.mp4,6494,6495,receive,near,,0,255,1920,1080,train,reviewed,Evidence-aware active review source_ref=round-01-clip-040/action-001; review_label=receive.,rangitoto-taka-national-final
../YTDown.com_YouTube_Rangitoto-vs-Taka-National-Final-Sets-1-_Media_k3PdQgm2jVs_001_1080p.mp4,6495,6496,set,near,,0,255,1920,1080,train,reviewed,Evidence-aware active review source_ref=round-01-clip-040/action-002; review_label=set.,rangitoto-taka-national-final
../YTDown.com_YouTube_Rangitoto-vs-Taka-National-Final-Sets-1-_Media_k3PdQgm2jVs_001_1080p.mp4,6497,6498,attack,near,,0,255,1920,1080,train,reviewed,Evidence-aware active review source_ref=round-01-clip-040/action-003; review_label=attack.,rangitoto-taka-national-final
../YTDown.com_YouTube_Rangitoto-vs-Taka-National-Final-Sets-1-_Media_k3PdQgm2jVs_001_1080p.mp4,611.8,612.8,block,near,,0,255,1920,1080,train,reviewed,Evidence-aware active review source_ref=round-01-clip-011/supplemental-001; review_label=block. Reviewer note: 后续可直接看见副攻被晃起的无效拦网起跳。,rangitoto-taka-national-final
../YTDown.com_YouTube_Rangitoto-vs-Taka-National-Final-Sets-1-_Media_k3PdQgm2jVs_001_1080p.mp4,1721.2,1722.2,background,near,,0,255,1920,1080,train,reviewed,Evidence-aware active review source_ref=round-01-clip-017/supplemental-001; review_label=free_ball. Reviewer note: 接球失误后的第三次触球为可见的被动回球。,rangitoto-taka-national-final
../YTDown.com_YouTube_Rangitoto-vs-Taka-National-Final-Sets-1-_Media_k3PdQgm2jVs_001_1080p.mp4,1796.6,1797.6,background,near,,0,255,1920,1080,train,reviewed,Evidence-aware active review source_ref=round-01-clip-018/supplemental-001; review_label=free_ball. Reviewer note: 8-9 秒可直接看见尝试推球回网但未过网。,rangitoto-taka-national-final
../YTDown.com_YouTube_Rangitoto-vs-Taka-National-Final-Sets-1-_Media_k3PdQgm2jVs_001_1080p.mp4,1135.2,1136.2,background,near,,0,255,1920,1080,train,reviewed,Active review hard negative source_ref=round-01-clip-014/hard-negative-near-2838; model_top1=attack (0.61301).,rangitoto-taka-national-final
../YTDown.com_YouTube_Rangitoto-vs-Taka-National-Final-Sets-1-_Media_k3PdQgm2jVs_001_1080p.mp4,5219.6,5220.6,background,near,,0,255,1920,1080,train,reviewed,Active review hard negative source_ref=round-01-clip-036/hard-negative-near-13049; model_top1=serve (0.58375).,rangitoto-taka-national-final
../YTDown.com_YouTube_Rangitoto-vs-Taka-National-Final-Sets-1-_Media_k3PdQgm2jVs_001_1080p.mp4,5218.0,5219.0,background,near,,0,255,1920,1080,train,reviewed,Active review hard negative source_ref=round-01-clip-036/hard-negative-near-13045; model_top1=serve (0.536049).,rangitoto-taka-national-final
../YTDown.com_YouTube_Rangitoto-vs-Taka-National-Final-Sets-1-_Media_k3PdQgm2jVs_001_1080p.mp4,721.6,722.6,background,near,,0,255,1920,1080,train,reviewed,Active review hard negative source_ref=round-01-clip-012/hard-negative-near-1804; model_top1=attack (0.531242).,rangitoto-taka-national-final
../YTDown.com_YouTube_Rangitoto-vs-Taka-National-Final-Sets-1-_Media_k3PdQgm2jVs_001_1080p.mp4,107.6,108.6,background,near,,0,255,1920,1080,train,reviewed,Active review hard negative source_ref=round-01-clip-004/hard-negative-near-269; model_top1=attack (0.504536).,rangitoto-taka-national-final
../YTDown.com_YouTube_Rangitoto-vs-Taka-National-Final-Sets-1-_Media_k3PdQgm2jVs_001_1080p.mp4,723.2,724.2,background,near,,0,255,1920,1080,train,reviewed,Active review hard negative source_ref=round-01-clip-012/hard-negative-near-1808; model_top1=attack (0.487245).,rangitoto-taka-national-final
../YTDown.com_YouTube_Rangitoto-vs-Taka-National-Final-Sets-1-_Media_k3PdQgm2jVs_001_1080p.mp4,118.0,119.0,background,near,,0,255,1920,1080,train,reviewed,Active review hard negative source_ref=round-01-clip-004/hard-negative-near-295; model_top1=attack (0.485959).,rangitoto-taka-national-final
../YTDown.com_YouTube_Rangitoto-vs-Taka-National-Final-Sets-1-_Media_k3PdQgm2jVs_001_1080p.mp4,127.2,128.2,background,near,,0,255,1920,1080,train,reviewed,Active review hard negative source_ref=round-01-clip-005/hard-negative-near-318; model_top1=attack (0.484752).,rangitoto-taka-national-final
../YTDown.com_YouTube_Rangitoto-vs-Taka-National-Final-Sets-1-_Media_k3PdQgm2jVs_001_1080p.mp4,5864.0,5865.0,background,near,,0,255,1920,1080,train,reviewed,Active review hard negative source_ref=round-01-clip-038/hard-negative-near-14660; model_top1=attack (0.464482).,rangitoto-taka-national-final
../YTDown.com_YouTube_Rangitoto-vs-Taka-National-Final-Sets-1-_Media_k3PdQgm2jVs_001_1080p.mp4,1134.0,1135.0,background,near,,0,255,1920,1080,train,reviewed,Active review hard negative source_ref=round-01-clip-014/hard-negative-near-2835; model_top1=attack (0.463676).,rangitoto-taka-national-final
../YTDown.com_YouTube_Rangitoto-vs-Taka-National-Final-Sets-1-_Media_k3PdQgm2jVs_001_1080p.mp4,134.4,135.4,background,near,,0,255,1920,1080,train,reviewed,Active review hard negative source_ref=round-01-clip-005/hard-negative-near-336; model_top1=attack (0.461553).,rangitoto-taka-national-final
../YTDown.com_YouTube_Rangitoto-vs-Taka-National-Final-Sets-1-_Media_k3PdQgm2jVs_001_1080p.mp4,5212.0,5213.0,background,near,,0,255,1920,1080,train,reviewed,Active review hard negative source_ref=round-01-clip-036/hard-negative-near-13030; model_top1=serve (0.45976).,rangitoto-taka-national-final
../YTDown.com_YouTube_Rangitoto-vs-Taka-National-Final-Sets-1-_Media_k3PdQgm2jVs_001_1080p.mp4,734.0,735.0,background,near,,0,255,1920,1080,train,reviewed,Active review hard negative source_ref=round-01-clip-012/hard-negative-near-1835; model_top1=attack (0.452159).,rangitoto-taka-national-final
../YTDown.com_YouTube_Rangitoto-vs-Taka-National-Final-Sets-1-_Media_k3PdQgm2jVs_001_1080p.mp4,2067.6,2068.6,background,near,,0,255,1920,1080,train,reviewed,Active review hard negative source_ref=round-01-clip-020/hard-negative-near-5169; model_top1=attack (0.44327).,rangitoto-taka-national-final
../YTDown.com_YouTube_Rangitoto-vs-Taka-National-Final-Sets-1-_Media_k3PdQgm2jVs_001_1080p.mp4,2076.4,2077.4,background,near,,0,255,1920,1080,train,reviewed,Active review hard negative source_ref=round-01-clip-020/hard-negative-near-5191; model_top1=attack (0.44269).,rangitoto-taka-national-final
../YTDown.com_YouTube_Rangitoto-vs-Taka-National-Final-Sets-1-_Media_k3PdQgm2jVs_001_1080p.mp4,5215.6,5216.6,background,near,,0,255,1920,1080,train,reviewed,Active review hard negative source_ref=round-01-clip-036/hard-negative-near-13039; model_top1=serve (0.434158).,rangitoto-taka-national-final
../YTDown.com_YouTube_Rangitoto-vs-Taka-National-Final-Sets-1-_Media_k3PdQgm2jVs_001_1080p.mp4,13.6,14.6,background,near,,0,255,1920,1080,train,reviewed,Active review hard negative source_ref=round-01-clip-001/hard-negative-near-34; model_top1=serve (0.430482).,rangitoto-taka-national-final
../YTDown.com_YouTube_Rangitoto-vs-Taka-National-Final-Sets-1-_Media_k3PdQgm2jVs_001_1080p.mp4,136.4,137.4,background,near,,0,255,1920,1080,train,reviewed,Active review hard negative source_ref=round-01-clip-005/hard-negative-near-341; model_top1=attack (0.427789).,rangitoto-taka-national-final
../YTDown.com_YouTube_Rangitoto-vs-Taka-National-Final-Sets-1-_Media_k3PdQgm2jVs_001_1080p.mp4,124.0,125.0,background,near,,0,255,1920,1080,train,reviewed,Active review hard negative source_ref=round-01-clip-005/hard-negative-near-310; model_top1=attack (0.426076).,rangitoto-taka-national-final
../YTDown.com_YouTube_Rangitoto-vs-Taka-National-Final-Sets-1-_Media_k3PdQgm2jVs_001_1080p.mp4,720.4,721.4,background,near,,0,255,1920,1080,train,reviewed,Active review hard negative source_ref=round-01-clip-012/hard-negative-near-1801; model_top1=attack (0.423263).,rangitoto-taka-national-final
../YTDown.com_YouTube_Rangitoto-vs-Taka-National-Final-Sets-1-_Media_k3PdQgm2jVs_001_1080p.mp4,5862.8,5863.8,background,near,,0,255,1920,1080,train,reviewed,Active review hard negative source_ref=round-01-clip-038/hard-negative-near-14657; model_top1=attack (0.422517).,rangitoto-taka-national-final
../YTDown.com_YouTube_Rangitoto-vs-Taka-National-Final-Sets-1-_Media_k3PdQgm2jVs_001_1080p.mp4,2074.4,2075.4,background,near,,0,255,1920,1080,train,reviewed,Active review hard negative source_ref=round-01-clip-020/hard-negative-near-5186; model_top1=attack (0.41819).,rangitoto-taka-national-final
../YTDown.com_YouTube_Rangitoto-vs-Taka-National-Final-Sets-1-_Media_k3PdQgm2jVs_001_1080p.mp4,1136.8,1137.8,background,near,,0,255,1920,1080,train,reviewed,Active review hard negative source_ref=round-01-clip-014/hard-negative-near-2842; model_top1=attack (0.398933).,rangitoto-taka-national-final
../YTDown.com_YouTube_Rangitoto-vs-Taka-National-Final-Sets-1-_Media_k3PdQgm2jVs_001_1080p.mp4,4178.4,4179.4,background,near,,0,255,1920,1080,train,reviewed,Active review hard negative source_ref=round-01-clip-029/hard-negative-near-10446; model_top1=set (0.396075).,rangitoto-taka-national-final
../YTDown.com_YouTube_Rangitoto-vs-Taka-National-Final-Sets-1-_Media_k3PdQgm2jVs_001_1080p.mp4,110.0,111.0,background,near,,0,255,1920,1080,train,reviewed,Active review hard negative source_ref=round-01-clip-004/hard-negative-near-275; model_top1=set (0.394902).,rangitoto-taka-national-final
../YTDown.com_YouTube_Rangitoto-vs-Taka-National-Final-Sets-1-_Media_k3PdQgm2jVs_001_1080p.mp4,5866.8,5867.8,background,near,,0,255,1920,1080,train,reviewed,Active review hard negative source_ref=round-01-clip-038/hard-negative-near-14667; model_top1=attack (0.39104).,rangitoto-taka-national-final
../YTDown.com_YouTube_Rangitoto-vs-Taka-National-Final-Sets-1-_Media_k3PdQgm2jVs_001_1080p.mp4,5870.4,5871.4,background,near,,0,255,1920,1080,train,reviewed,Active review hard negative source_ref=round-01-clip-038/hard-negative-near-14676; model_top1=attack (0.390919).,rangitoto-taka-national-final
../YTDown.com_YouTube_Rangitoto-vs-Taka-National-Final-Sets-1-_Media_k3PdQgm2jVs_001_1080p.mp4,2.4,3.4,background,near,,0,255,1920,1080,train,reviewed,Active review hard negative source_ref=round-01-clip-001/hard-negative-near-6; model_top1=serve (0.39026).,rangitoto-taka-national-final
../YTDown.com_YouTube_Rangitoto-vs-Taka-National-Final-Sets-1-_Media_k3PdQgm2jVs_001_1080p.mp4,102.0,103.0,background,near,,0,255,1920,1080,train,reviewed,Active review hard negative source_ref=round-01-clip-004/hard-negative-near-255; model_top1=serve (0.383963).,rangitoto-taka-national-final
../YTDown.com_YouTube_Rangitoto-vs-Taka-National-Final-Sets-1-_Media_k3PdQgm2jVs_001_1080p.mp4,125.6,126.6,background,near,,0,255,1920,1080,train,reviewed,Active review hard negative source_ref=round-01-clip-005/hard-negative-near-314; model_top1=attack (0.383957).,rangitoto-taka-national-final
../YTDown.com_YouTube_Rangitoto-vs-Taka-National-Final-Sets-1-_Media_k3PdQgm2jVs_001_1080p.mp4,142.4,143.4,background,near,,0,255,1920,1080,train,reviewed,Active review hard negative source_ref=round-01-clip-005/hard-negative-near-356; model_top1=attack (0.37656).,rangitoto-taka-national-final
../YTDown.com_YouTube_Rangitoto-vs-Taka-National-Final-Sets-1-_Media_k3PdQgm2jVs_001_1080p.mp4,1142.0,1143.0,background,near,,0,255,1920,1080,train,reviewed,Active review hard negative source_ref=round-01-clip-014/hard-negative-near-2855; model_top1=attack (0.37547).,rangitoto-taka-national-final
../YTDown.com_YouTube_Rangitoto-vs-Taka-National-Final-Sets-1-_Media_k3PdQgm2jVs_001_1080p.mp4,140.8,141.8,background,near,,0,255,1920,1080,train,reviewed,Active review hard negative source_ref=round-01-clip-005/hard-negative-near-352; model_top1=set (0.374467).,rangitoto-taka-national-final
../YTDown.com_YouTube_Rangitoto-vs-Taka-National-Final-Sets-1-_Media_k3PdQgm2jVs_001_1080p.mp4,2079.2,2080.2,background,near,,0,255,1920,1080,train,reviewed,Active review hard negative source_ref=round-01-clip-020/hard-negative-near-5198; model_top1=attack (0.371593).,rangitoto-taka-national-final
../YTDown.com_YouTube_Rangitoto-vs-Taka-National-Final-Sets-1-_Media_k3PdQgm2jVs_001_1080p.mp4,133.2,134.2,background,near,,0,255,1920,1080,train,reviewed,Active review hard negative source_ref=round-01-clip-005/hard-negative-near-333; model_top1=attack (0.368751).,rangitoto-taka-national-final
../YTDown.com_YouTube_Rangitoto-vs-Taka-National-Final-Sets-1-_Media_k3PdQgm2jVs_001_1080p.mp4,5214.4,5215.4,background,near,,0,255,1920,1080,train,reviewed,Active review hard negative source_ref=round-01-clip-036/hard-negative-near-13036; model_top1=serve (0.367309).,rangitoto-taka-national-final
../YTDown.com_YouTube_Rangitoto-vs-Taka-National-Final-Sets-1-_Media_k3PdQgm2jVs_001_1080p.mp4,5210.8,5211.8,background,near,,0,255,1920,1080,train,reviewed,Active review hard negative source_ref=round-01-clip-036/hard-negative-near-13027; model_top1=serve (0.366331).,rangitoto-taka-national-final
../YTDown.com_YouTube_Rangitoto-vs-Taka-National-Final-Sets-1-_Media_k3PdQgm2jVs_001_1080p.mp4,128.4,129.4,background,near,,0,255,1920,1080,train,reviewed,Active review hard negative source_ref=round-01-clip-005/hard-negative-near-321; model_top1=attack (0.363706).,rangitoto-taka-national-final
../YTDown.com_YouTube_Rangitoto-vs-Taka-National-Final-Sets-1-_Media_k3PdQgm2jVs_001_1080p.mp4,412.8,413.8,background,near,,0,255,1920,1080,train,reviewed,Active review hard negative source_ref=round-01-clip-008/hard-negative-near-1032; model_top1=attack (0.363701).,rangitoto-taka-national-final
../YTDown.com_YouTube_Rangitoto-vs-Taka-National-Final-Sets-1-_Media_k3PdQgm2jVs_001_1080p.mp4,2943.6,2944.6,background,near,,0,255,1920,1080,train,reviewed,Active review hard negative source_ref=round-01-clip-025/hard-negative-near-7359; model_top1=attack (0.361078).,rangitoto-taka-national-final
../YTDown.com_YouTube_Rangitoto-vs-Taka-National-Final-Sets-1-_Media_k3PdQgm2jVs_001_1080p.mp4,111.6,112.6,background,near,,0,255,1920,1080,train,reviewed,Active review hard negative source_ref=round-01-clip-004/hard-negative-near-279; model_top1=attack (0.358447).,rangitoto-taka-national-final
../YTDown.com_YouTube_Rangitoto-vs-Taka-National-Final-Sets-1-_Media_k3PdQgm2jVs_001_1080p.mp4,2944.8,2945.8,background,near,,0,255,1920,1080,train,reviewed,Active review hard negative source_ref=round-01-clip-025/hard-negative-near-7362; model_top1=attack (0.355538).,rangitoto-taka-national-final
../YTDown.com_YouTube_Rangitoto-vs-Taka-National-Final-Sets-1-_Media_k3PdQgm2jVs_001_1080p.mp4,1130.4,1131.4,background,near,,0,255,1920,1080,train,reviewed,Active review hard negative source_ref=round-01-clip-014/hard-negative-near-2826; model_top1=attack (0.354411).,rangitoto-taka-national-final
../YTDown.com_YouTube_Rangitoto-vs-Taka-National-Final-Sets-1-_Media_k3PdQgm2jVs_001_1080p.mp4,731.6,732.6,background,near,,0,255,1920,1080,train,reviewed,Active review hard negative source_ref=round-01-clip-012/hard-negative-near-1829; model_top1=attack (0.354286).,rangitoto-taka-national-final
../YTDown.com_YouTube_Rangitoto-vs-Taka-National-Final-Sets-1-_Media_k3PdQgm2jVs_001_1080p.mp4,16.8,17.8,background,near,,0,255,1920,1080,train,reviewed,Active review hard negative source_ref=round-01-clip-001/hard-negative-near-42; model_top1=serve (0.350457).,rangitoto-taka-national-final
../YTDown.com_YouTube_Rangitoto-vs-Taka-National-Final-Sets-1-_Media_k3PdQgm2jVs_001_1080p.mp4,415.2,416.2,background,near,,0,255,1920,1080,train,reviewed,Active review hard negative source_ref=round-01-clip-008/hard-negative-near-1038; model_top1=attack (0.349896).,rangitoto-taka-national-final
../YTDown.com_YouTube_Rangitoto-vs-Taka-National-Final-Sets-1-_Media_k3PdQgm2jVs_001_1080p.mp4,113.2,114.2,background,near,,0,255,1920,1080,train,reviewed,Active review hard negative source_ref=round-01-clip-004/hard-negative-near-283; model_top1=set (0.345794).,rangitoto-taka-national-final
../YTDown.com_YouTube_Rangitoto-vs-Taka-National-Final-Sets-1-_Media_k3PdQgm2jVs_001_1080p.mp4,116.8,117.8,background,near,,0,255,1920,1080,train,reviewed,Active review hard negative source_ref=round-01-clip-004/hard-negative-near-292; model_top1=attack (0.345548).,rangitoto-taka-national-final
../YTDown.com_YouTube_Rangitoto-vs-Taka-National-Final-Sets-1-_Media_k3PdQgm2jVs_001_1080p.mp4,6010.4,6011.4,background,near,,0,255,1920,1080,train,reviewed,Active review hard negative source_ref=round-01-clip-039/hard-negative-near-15026; model_top1=serve (0.344355).,rangitoto-taka-national-final
../YTDown.com_YouTube_Rangitoto-vs-Taka-National-Final-Sets-1-_Media_k3PdQgm2jVs_001_1080p.mp4,4390.8,4391.8,background,near,,0,255,1920,1080,train,reviewed,Active review hard negative source_ref=round-01-clip-032/hard-negative-near-10977; model_top1=attack (0.341701).,rangitoto-taka-national-final
../YTDown.com_YouTube_Rangitoto-vs-Taka-National-Final-Sets-1-_Media_k3PdQgm2jVs_001_1080p.mp4,105.6,106.6,background,near,,0,255,1920,1080,train,reviewed,Active review hard negative source_ref=round-01-clip-004/hard-negative-near-264; model_top1=set (0.340901).,rangitoto-taka-national-final
../YTDown.com_YouTube_Rangitoto-vs-Taka-National-Final-Sets-1-_Media_k3PdQgm2jVs_001_1080p.mp4,130.0,131.0,background,near,,0,255,1920,1080,train,reviewed,Active review hard negative source_ref=round-01-clip-005/hard-negative-near-325; model_top1=set (0.34045).,rangitoto-taka-national-final
../YTDown.com_YouTube_Rangitoto-vs-Taka-National-Final-Sets-1-_Media_k3PdQgm2jVs_001_1080p.mp4,4437.2,4438.2,background,near,,0,255,1920,1080,train,reviewed,Active review hard negative source_ref=round-01-clip-033/hard-negative-near-11093; model_top1=attack (0.339945).,rangitoto-taka-national-final
../YTDown.com_YouTube_Rangitoto-vs-Taka-National-Final-Sets-1-_Media_k3PdQgm2jVs_001_1080p.mp4,732.8,733.8,background,near,,0,255,1920,1080,train,reviewed,Active review hard negative source_ref=round-01-clip-012/hard-negative-near-1832; model_top1=set (0.338688).,rangitoto-taka-national-final
../YTDown.com_YouTube_Rangitoto-vs-Taka-National-Final-Sets-1-_Media_k3PdQgm2jVs_001_1080p.mp4,66.0,67.0,background,near,,0,255,1920,1080,train,reviewed,Active review hard negative source_ref=round-01-clip-003/hard-negative-near-165; model_top1=attack (0.338552).,rangitoto-taka-national-final
../YTDown.com_YouTube_Rangitoto-vs-Taka-National-Final-Sets-1-_Media_k3PdQgm2jVs_001_1080p.mp4,3595.6,3596.6,background,near,,0,255,1920,1080,train,reviewed,Active review hard negative source_ref=round-01-clip-026/hard-negative-near-8989; model_top1=attack (0.337974).,rangitoto-taka-national-final
../YTDown.com_YouTube_Rangitoto-vs-Taka-National-Final-Sets-1-_Media_k3PdQgm2jVs_001_1080p.mp4,1140.8,1141.8,background,near,,0,255,1920,1080,train,reviewed,Active review hard negative source_ref=round-01-clip-014/hard-negative-near-2852; model_top1=set (0.337484).,rangitoto-taka-national-final
../YTDown.com_YouTube_Rangitoto-vs-Taka-National-Final-Sets-1-_Media_k3PdQgm2jVs_001_1080p.mp4,131.6,132.6,background,near,,0,255,1920,1080,train,reviewed,Active review hard negative source_ref=round-01-clip-005/hard-negative-near-329; model_top1=set (0.336915).,rangitoto-taka-national-final
../YTDown.com_YouTube_Rangitoto-vs-Taka-National-Final-Sets-1-_Media_k3PdQgm2jVs_001_1080p.mp4,3600.0,3601.0,background,near,,0,255,1920,1080,train,reviewed,Active review hard negative source_ref=round-01-clip-026/hard-negative-near-9000; model_top1=set (0.335622).,rangitoto-taka-national-final
../YTDown.com_YouTube_Rangitoto-vs-Taka-National-Final-Sets-1-_Media_k3PdQgm2jVs_001_1080p.mp4,730.4,731.4,background,near,,0,255,1920,1080,train,reviewed,Active review hard negative source_ref=round-01-clip-012/hard-negative-near-1826; model_top1=attack (0.335592).,rangitoto-taka-national-final
