result_set_id,selection_sha256,workbook_sha256,generator_version,observation_type,observation_ref,action_ref,clip_id,source_action_slot,review_label,relative_start_seconds,relative_end_seconds,start_seconds,end_seconds,team_side,visibility,evidence_basis,training_decision,outcome,result_type,status,related_action_refs_json,note
YTDown.com_YouTube_Rangitoto-vs-Taka-National-Final-Sets-1-_Media_k3PdQgm2jVs_001_1080p-round-01/result-ff966d20b55884ad,c7c9d4c21ae8fb041eece192b9c4f2c66648c863fdf79c278f08ca11e6cfe06c,3b3baa474bf5d20e24a2e979b389e5d1b6df755b3c8516c993d8cc719b53535b,spike-trace/0.1.0,action,round-01-clip-006/action-001,round-01-clip-006/action-001,round-01-clip-006,1,background,0,9,161.2,170.2,near,direct_clear,direct_video,eligible,,,,[],
YTDown.com_YouTube_Rangitoto-vs-Taka-National-Final-Sets-1-_Media_k3PdQgm2jVs_001_1080p-round-01/result-ff966d20b55884ad,c7c9d4c21ae8fb041eece192b9c4f2c66648c863fdf79c278f08ca11e6cfe06c,3b3baa474bf5d20e24a2e979b389e5d1b6df755b3c8516c993d8cc719b53535b,spike-trace/0.1.0,action,round-01-clip-006/action-002,round-01-clip-006/action-002,round-01-clip-006,2,receive,9,10,170.2,171.2,near,direct_clear,direct_video,eligible,,,,[],
YTDown.com_YouTube_Rangitoto-vs-Taka-National-Final-Sets-1-_Media_k3PdQgm2jVs_001_1080p-round-01/result-ff966d20b55884ad,c7c9d4c21ae8fb041eece192b9c4f2c66648c863fdf79c278f08ca11e6cfe06c,3b3baa474bf5d20e24a2e979b389e5d1b6df755b3c8516c993d8cc719b53535b,spike-trace/0.1.0,action,round-01-clip-006/action-003,round-01-clip-006/action-003,round-01-clip-006,3,set,11,12,172.2,173.2,near,direct_clear,direct_video,eligible,,,,[],
YTDown.com_YouTube_Rangitoto-vs-Taka-National-Final-Sets-1-_Media_k3PdQgm2jVs_001_1080p-round-01/result-ff966d20b55884ad,c7c9d4c21ae8fb041eece192b9c4f2c66648c863fdf79c278f08ca11e6cfe06c,3b3baa474bf5d20e24a2e979b389e5d1b6df755b3c8516c993d8cc719b53535b,spike-trace/0.1.0,action,round-01-clip-006/action-004,round-01-clip-006/action-004,round-01-clip-006,4,attack,12,13,173.2,174.2,near,direct_clear,direct_video,eligible,,,,[],
YTDown.com_YouTube_Rangitoto-vs-Taka-National-Final-Sets-1-_Media_k3PdQgm2jVs_001_1080p-round-01/result-ff966d20b55884ad,c7c9d4c21ae8fb041eece192b9c4f2c66648c863fdf79c278f08ca11e6cfe06c,3b3baa474bf5d20e24a2e979b389e5d1b6df755b3c8516c993d8cc719b53535b,spike-trace/0.1.0,action,round-01-clip-007/action-001,round-01-clip-007/action-001,round-01-clip-007,1,serve,0,1,191.8,192.8,near,direct_clear,direct_video,eligible,,,,[],
YTDown.com_YouTube_Rangitoto-vs-Taka-National-Final-Sets-1-_Media_k3PdQgm2jVs_001_1080p-round-01/result-ff966d20b55884ad,c7c9d4c21ae8fb041eece192b9c4f2c66648c863fdf79c278f08ca11e6cfe06c,3b3baa474bf5d20e24a2e979b389e5d1b6df755b3c8516c993d8cc719b53535b,spike-trace/0.1.0,action,round-01-clip-007/action-002,round-01-clip-007/action-002,round-01-clip-007,2,block,2,3,193.8,194.8,near,direct_clear,direct_video,eligible,,,,[],3-4 防守没接到球，不算dig吗（失分）
YTDown.com_YouTube_Rangitoto-vs-Taka-National-Final-Sets-1-_Media_k3PdQgm2jVs_001_1080p-round-01/result-ff966d20b55884ad,c7c9d4c21ae8fb041eece192b9c4f2c66648c863fdf79c278f08ca11e6cfe06c,3b3baa474bf5d20e24a2e979b389e5d1b6df755b3c8516c993d8cc719b53535b,spike-trace/0.1.0,action,round-01-clip-009/action-001,round-01-clip-009/action-001,round-01-clip-009,1,serve,3,4,450.2,451.2,near,off_camera,sequence_context,excluded,,,,[],人物没有出现在镜头内，不知道怎么划分
YTDown.com_YouTube_Rangitoto-vs-Taka-National-Final-Sets-1-_Media_k3PdQgm2jVs_001_1080p-round-01/result-ff966d20b55884ad,c7c9d4c21ae8fb041eece192b9c4f2c66648c863fdf79c278f08ca11e6cfe06c,3b3baa474bf5d20e24a2e979b389e5d1b6df755b3c8516c993d8cc719b53535b,spike-trace/0.1.0,action,round-01-clip-009/action-002,round-01-clip-009/action-002,round-01-clip-009,2,block,7,8,454.2,455.2,near,direct_clear,direct_video,eligible,,,,[],
YTDown.com_YouTube_Rangitoto-vs-Taka-National-Final-Sets-1-_Media_k3PdQgm2jVs_001_1080p-round-01/result-ff966d20b55884ad,c7c9d4c21ae8fb041eece192b9c4f2c66648c863fdf79c278f08ca11e6cfe06c,3b3baa474bf5d20e24a2e979b389e5d1b6df755b3c8516c993d8cc719b53535b,spike-trace/0.1.0,action,round-01-clip-009/action-003,round-01-clip-009/action-003,round-01-clip-009,3,dig,8,9,455.2,456.2,near,direct_clear,direct_video,eligible,,,,[],
YTDown.com_YouTube_Rangitoto-vs-Taka-National-Final-Sets-1-_Media_k3PdQgm2jVs_001_1080p-round-01/result-ff966d20b55884ad,c7c9d4c21ae8fb041eece192b9c4f2c66648c863fdf79c278f08ca11e6cfe06c,3b3baa474bf5d20e24a2e979b389e5d1b6df755b3c8516c993d8cc719b53535b,spike-trace/0.1.0,action,round-01-clip-010/action-001,round-01-clip-010/action-001,round-01-clip-010,1,serve,16,17,507,508,near,off_camera,sequence_context,excluded,,,,[],人物发球时没出现在镜头内，但是发完球从底线跑上去了，所以号码识别应该算他。
YTDown.com_YouTube_Rangitoto-vs-Taka-National-Final-Sets-1-_Media_k3PdQgm2jVs_001_1080p-round-01/result-ff966d20b55884ad,c7c9d4c21ae8fb041eece192b9c4f2c66648c863fdf79c278f08ca11e6cfe06c,3b3baa474bf5d20e24a2e979b389e5d1b6df755b3c8516c993d8cc719b53535b,spike-trace/0.1.0,action,round-01-clip-011/action-001,round-01-clip-011/action-001,round-01-clip-011,1,receive,14,15,604.8,605.8,near,direct_clear,direct_video,eligible,,,,[],
YTDown.com_YouTube_Rangitoto-vs-Taka-National-Final-Sets-1-_Media_k3PdQgm2jVs_001_1080p-round-01/result-ff966d20b55884ad,c7c9d4c21ae8fb041eece192b9c4f2c66648c863fdf79c278f08ca11e6cfe06c,3b3baa474bf5d20e24a2e979b389e5d1b6df755b3c8516c993d8cc719b53535b,spike-trace/0.1.0,action,round-01-clip-011/action-002,round-01-clip-011/action-002,round-01-clip-011,2,set,16,17,606.8,607.8,near,direct_clear,direct_video,eligible,,,,[],
YTDown.com_YouTube_Rangitoto-vs-Taka-National-Final-Sets-1-_Media_k3PdQgm2jVs_001_1080p-round-01/result-ff966d20b55884ad,c7c9d4c21ae8fb041eece192b9c4f2c66648c863fdf79c278f08ca11e6cfe06c,3b3baa474bf5d20e24a2e979b389e5d1b6df755b3c8516c993d8cc719b53535b,spike-trace/0.1.0,action,round-01-clip-011/action-003,round-01-clip-011/action-003,round-01-clip-011,3,attack,17,18,607.8,608.8,near,direct_clear,direct_video,eligible,,,,[],后面副攻被晃起来的无效拦网，不知道算不算block
YTDown.com_YouTube_Rangitoto-vs-Taka-National-Final-Sets-1-_Media_k3PdQgm2jVs_001_1080p-round-01/result-ff966d20b55884ad,c7c9d4c21ae8fb041eece192b9c4f2c66648c863fdf79c278f08ca11e6cfe06c,3b3baa474bf5d20e24a2e979b389e5d1b6df755b3c8516c993d8cc719b53535b,spike-trace/0.1.0,action,round-01-clip-011/supplemental-001,round-01-clip-011/supplemental-001,round-01-clip-011,,block,21,22,611.8,612.8,near,direct_clear,direct_video,eligible,,,,[],后续可直接看见副攻被晃起的无效拦网起跳。
YTDown.com_YouTube_Rangitoto-vs-Taka-National-Final-Sets-1-_Media_k3PdQgm2jVs_001_1080p-round-01/result-ff966d20b55884ad,c7c9d4c21ae8fb041eece192b9c4f2c66648c863fdf79c278f08ca11e6cfe06c,3b3baa474bf5d20e24a2e979b389e5d1b6df755b3c8516c993d8cc719b53535b,spike-trace/0.1.0,action,round-01-clip-015/action-001,round-01-clip-015/action-001,round-01-clip-015,1,receive,7,8,1168.8,1169.8,near,direct_clear,direct_video,eligible,,,,[],
YTDown.com_YouTube_Rangitoto-vs-Taka-National-Final-Sets-1-_Media_k3PdQgm2jVs_001_1080p-round-01/result-ff966d20b55884ad,c7c9d4c21ae8fb041eece192b9c4f2c66648c863fdf79c278f08ca11e6cfe06c,3b3baa474bf5d20e24a2e979b389e5d1b6df755b3c8516c993d8cc719b53535b,spike-trace/0.1.0,action,round-01-clip-015/action-002,round-01-clip-015/action-002,round-01-clip-015,2,set,8,9,1169.8,1170.8,near,direct_clear,direct_video,eligible,,,,[],
YTDown.com_YouTube_Rangitoto-vs-Taka-National-Final-Sets-1-_Media_k3PdQgm2jVs_001_1080p-round-01/result-ff966d20b55884ad,c7c9d4c21ae8fb041eece192b9c4f2c66648c863fdf79c278f08ca11e6cfe06c,3b3baa474bf5d20e24a2e979b389e5d1b6df755b3c8516c993d8cc719b53535b,spike-trace/0.1.0,action,round-01-clip-015/action-003,round-01-clip-015/action-003,round-01-clip-015,3,attack,9,10,1170.8,1171.8,near,direct_clear,direct_video,eligible,,,,[],
YTDown.com_YouTube_Rangitoto-vs-Taka-National-Final-Sets-1-_Media_k3PdQgm2jVs_001_1080p-round-01/result-ff966d20b55884ad,c7c9d4c21ae8fb041eece192b9c4f2c66648c863fdf79c278f08ca11e6cfe06c,3b3baa474bf5d20e24a2e979b389e5d1b6df755b3c8516c993d8cc719b53535b,spike-trace/0.1.0,action,round-01-clip-016/action-001,round-01-clip-016/action-001,round-01-clip-016,1,block,0,1,1380.6,1381.6,near,direct_clear,direct_video,eligible,,,,[],
YTDown.com_YouTube_Rangitoto-vs-Taka-National-Final-Sets-1-_Media_k3PdQgm2jVs_001_1080p-round-01/result-ff966d20b55884ad,c7c9d4c21ae8fb041eece192b9c4f2c66648c863fdf79c278f08ca11e6cfe06c,3b3baa474bf5d20e24a2e979b389e5d1b6df755b3c8516c993d8cc719b53535b,spike-trace/0.1.0,action,round-01-clip-017/action-001,round-01-clip-017/action-001,round-01-clip-017,1,receive,9,10,1717.2,1718.2,near,direct_clear,direct_video,eligible,,,,[],接球失误，队友救球的垫的第二下和第三下推攻不知道算不算动作
YTDown.com_YouTube_Rangitoto-vs-Taka-National-Final-Sets-1-_Media_k3PdQgm2jVs_001_1080p-round-01/result-ff966d20b55884ad,c7c9d4c21ae8fb041eece192b9c4f2c66648c863fdf79c278f08ca11e6cfe06c,3b3baa474bf5d20e24a2e979b389e5d1b6df755b3c8516c993d8cc719b53535b,spike-trace/0.1.0,action,round-01-clip-017/supplemental-001,round-01-clip-017/supplemental-001,round-01-clip-017,,free_ball,13,14,1721.2,1722.2,near,direct_clear,direct_video,eligible_as_background,,,,[],接球失误后的第三次触球为可见的被动回球。
YTDown.com_YouTube_Rangitoto-vs-Taka-National-Final-Sets-1-_Media_k3PdQgm2jVs_001_1080p-round-01/result-ff966d20b55884ad,c7c9d4c21ae8fb041eece192b9c4f2c66648c863fdf79c278f08ca11e6cfe06c,3b3baa474bf5d20e24a2e979b389e5d1b6df755b3c8516c993d8cc719b53535b,spike-trace/0.1.0,action,round-01-clip-018/action-001,round-01-clip-018/action-001,round-01-clip-018,1,serve,1,2,1789.6,1790.6,near,direct_clear,direct_video,eligible,,,,[],
YTDown.com_YouTube_Rangitoto-vs-Taka-National-Final-Sets-1-_Media_k3PdQgm2jVs_001_1080p-round-01/result-ff966d20b55884ad,c7c9d4c21ae8fb041eece192b9c4f2c66648c863fdf79c278f08ca11e6cfe06c,3b3baa474bf5d20e24a2e979b389e5d1b6df755b3c8516c993d8cc719b53535b,spike-trace/0.1.0,action,round-01-clip-018/action-002,round-01-clip-018/action-002,round-01-clip-018,2,block,5,6,1793.6,1794.6,near,direct_clear,direct_video,eligible,,,,[],
YTDown.com_YouTube_Rangitoto-vs-Taka-National-Final-Sets-1-_Media_k3PdQgm2jVs_001_1080p-round-01/result-ff966d20b55884ad,c7c9d4c21ae8fb041eece192b9c4f2c66648c863fdf79c278f08ca11e6cfe06c,3b3baa474bf5d20e24a2e979b389e5d1b6df755b3c8516c993d8cc719b53535b,spike-trace/0.1.0,action,round-01-clip-018/action-003,round-01-clip-018/action-003,round-01-clip-018,3,dig,6,7,1794.6,1795.6,near,direct_clear,direct_video,eligible,,,,[],8-9尝试推攻失败，没过网。
YTDown.com_YouTube_Rangitoto-vs-Taka-National-Final-Sets-1-_Media_k3PdQgm2jVs_001_1080p-round-01/result-ff966d20b55884ad,c7c9d4c21ae8fb041eece192b9c4f2c66648c863fdf79c278f08ca11e6cfe06c,3b3baa474bf5d20e24a2e979b389e5d1b6df755b3c8516c993d8cc719b53535b,spike-trace/0.1.0,action,round-01-clip-018/supplemental-001,round-01-clip-018/supplemental-001,round-01-clip-018,,free_ball,8,9,1796.6,1797.6,near,direct_clear,direct_video,eligible_as_background,,,,[],8-9 秒可直接看见尝试推球回网但未过网。
YTDown.com_YouTube_Rangitoto-vs-Taka-National-Final-Sets-1-_Media_k3PdQgm2jVs_001_1080p-round-01/result-ff966d20b55884ad,c7c9d4c21ae8fb041eece192b9c4f2c66648c863fdf79c278f08ca11e6cfe06c,3b3baa474bf5d20e24a2e979b389e5d1b6df755b3c8516c993d8cc719b53535b,spike-trace/0.1.0,action,round-01-clip-019/action-001,round-01-clip-019/action-001,round-01-clip-019,1,receive,8,9,1817.4,1818.4,near,direct_clear,direct_video,eligible,,,,[],
YTDown.com_YouTube_Rangitoto-vs-Taka-National-Final-Sets-1-_Media_k3PdQgm2jVs_001_1080p-round-01/result-ff966d20b55884ad,c7c9d4c21ae8fb041eece192b9c4f2c66648c863fdf79c278f08ca11e6cfe06c,3b3baa474bf5d20e24a2e979b389e5d1b6df755b3c8516c993d8cc719b53535b,spike-trace/0.1.0,action,round-01-clip-019/action-002,round-01-clip-019/action-002,round-01-clip-019,2,set,10,11,1819.4,1820.4,near,direct_clear,direct_video,eligible,,,,[],
YTDown.com_YouTube_Rangitoto-vs-Taka-National-Final-Sets-1-_Media_k3PdQgm2jVs_001_1080p-round-01/result-ff966d20b55884ad,c7c9d4c21ae8fb041eece192b9c4f2c66648c863fdf79c278f08ca11e6cfe06c,3b3baa474bf5d20e24a2e979b389e5d1b6df755b3c8516c993d8cc719b53535b,spike-trace/0.1.0,action,round-01-clip-019/action-003,round-01-clip-019/action-003,round-01-clip-019,3,attack,11,12,1820.4,1821.4,near,direct_clear,direct_video,eligible,,,,[],
YTDown.com_YouTube_Rangitoto-vs-Taka-National-Final-Sets-1-_Media_k3PdQgm2jVs_001_1080p-round-01/result-ff966d20b55884ad,c7c9d4c21ae8fb041eece192b9c4f2c66648c863fdf79c278f08ca11e6cfe06c,3b3baa474bf5d20e24a2e979b389e5d1b6df755b3c8516c993d8cc719b53535b,spike-trace/0.1.0,action,round-01-clip-021/action-001,round-01-clip-021/action-001,round-01-clip-021,1,receive,2,3,2181.2,2182.2,near,direct_clear,direct_video,eligible,,,,[],
YTDown.com_YouTube_Rangitoto-vs-Taka-National-Final-Sets-1-_Media_k3PdQgm2jVs_001_1080p-round-01/result-ff966d20b55884ad,c7c9d4c21ae8fb041eece192b9c4f2c66648c863fdf79c278f08ca11e6cfe06c,3b3baa474bf5d20e24a2e979b389e5d1b6df755b3c8516c993d8cc719b53535b,spike-trace/0.1.0,action,round-01-clip-021/action-002,round-01-clip-021/action-002,round-01-clip-021,2,set,4,5,2183.2,2184.2,near,direct_clear,direct_video,eligible,,,,[],
YTDown.com_YouTube_Rangitoto-vs-Taka-National-Final-Sets-1-_Media_k3PdQgm2jVs_001_1080p-round-01/result-ff966d20b55884ad,c7c9d4c21ae8fb041eece192b9c4f2c66648c863fdf79c278f08ca11e6cfe06c,3b3baa474bf5d20e24a2e979b389e5d1b6df755b3c8516c993d8cc719b53535b,spike-trace/0.1.0,action,round-01-clip-021/action-003,round-01-clip-021/action-003,round-01-clip-021,3,attack,5,6,2184.2,2185.2,near,direct_clear,direct_video,eligible,,,,[],
YTDown.com_YouTube_Rangitoto-vs-Taka-National-Final-Sets-1-_Media_k3PdQgm2jVs_001_1080p-round-01/result-ff966d20b55884ad,c7c9d4c21ae8fb041eece192b9c4f2c66648c863fdf79c278f08ca11e6cfe06c,3b3baa474bf5d20e24a2e979b389e5d1b6df755b3c8516c993d8cc719b53535b,spike-trace/0.1.0,action,round-01-clip-021/action-004,round-01-clip-021/action-004,round-01-clip-021,4,dig,9,10,2188.2,2189.2,near,direct_clear,direct_video,eligible,,,,[],
YTDown.com_YouTube_Rangitoto-vs-Taka-National-Final-Sets-1-_Media_k3PdQgm2jVs_001_1080p-round-01/result-ff966d20b55884ad,c7c9d4c21ae8fb041eece192b9c4f2c66648c863fdf79c278f08ca11e6cfe06c,3b3baa474bf5d20e24a2e979b389e5d1b6df755b3c8516c993d8cc719b53535b,spike-trace/0.1.0,action,round-01-clip-021/action-005,round-01-clip-021/action-005,round-01-clip-021,5,set,11,12,2190.2,2191.2,near,direct_clear,direct_video,eligible,,,,[],
YTDown.com_YouTube_Rangitoto-vs-Taka-National-Final-Sets-1-_Media_k3PdQgm2jVs_001_1080p-round-01/result-ff966d20b55884ad,c7c9d4c21ae8fb041eece192b9c4f2c66648c863fdf79c278f08ca11e6cfe06c,3b3baa474bf5d20e24a2e979b389e5d1b6df755b3c8516c993d8cc719b53535b,spike-trace/0.1.0,action,round-01-clip-021/action-006,round-01-clip-021/action-006,round-01-clip-021,6,attack,12,13,2191.2,2192.2,near,direct_clear,direct_video,eligible,,,,[],
YTDown.com_YouTube_Rangitoto-vs-Taka-National-Final-Sets-1-_Media_k3PdQgm2jVs_001_1080p-round-01/result-ff966d20b55884ad,c7c9d4c21ae8fb041eece192b9c4f2c66648c863fdf79c278f08ca11e6cfe06c,3b3baa474bf5d20e24a2e979b389e5d1b6df755b3c8516c993d8cc719b53535b,spike-trace/0.1.0,action,round-01-clip-021/action-007,round-01-clip-021/action-007,round-01-clip-021,7,block,16,17,2195.2,2196.2,near,direct_clear,direct_video,eligible,,,,[],
YTDown.com_YouTube_Rangitoto-vs-Taka-National-Final-Sets-1-_Media_k3PdQgm2jVs_001_1080p-round-01/result-ff966d20b55884ad,c7c9d4c21ae8fb041eece192b9c4f2c66648c863fdf79c278f08ca11e6cfe06c,3b3baa474bf5d20e24a2e979b389e5d1b6df755b3c8516c993d8cc719b53535b,spike-trace/0.1.0,action,round-01-clip-021/action-008,round-01-clip-021/action-008,round-01-clip-021,8,dig,17,18,2196.2,2197.2,near,direct_clear,direct_video,eligible,,,,[],
YTDown.com_YouTube_Rangitoto-vs-Taka-National-Final-Sets-1-_Media_k3PdQgm2jVs_001_1080p-round-01/result-ff966d20b55884ad,c7c9d4c21ae8fb041eece192b9c4f2c66648c863fdf79c278f08ca11e6cfe06c,3b3baa474bf5d20e24a2e979b389e5d1b6df755b3c8516c993d8cc719b53535b,spike-trace/0.1.0,action,round-01-clip-021/action-009,round-01-clip-021/action-009,round-01-clip-021,9,set,19,20,2198.2,2199.2,near,direct_clear,direct_video,eligible,,,,[],
YTDown.com_YouTube_Rangitoto-vs-Taka-National-Final-Sets-1-_Media_k3PdQgm2jVs_001_1080p-round-01/result-ff966d20b55884ad,c7c9d4c21ae8fb041eece192b9c4f2c66648c863fdf79c278f08ca11e6cfe06c,3b3baa474bf5d20e24a2e979b389e5d1b6df755b3c8516c993d8cc719b53535b,spike-trace/0.1.0,action,round-01-clip-021/action-010,round-01-clip-021/action-010,round-01-clip-021,10,attack,21,22,2200.2,2201.2,near,direct_clear,direct_video,eligible,,,,[],
YTDown.com_YouTube_Rangitoto-vs-Taka-National-Final-Sets-1-_Media_k3PdQgm2jVs_001_1080p-round-01/result-ff966d20b55884ad,c7c9d4c21ae8fb041eece192b9c4f2c66648c863fdf79c278f08ca11e6cfe06c,3b3baa474bf5d20e24a2e979b389e5d1b6df755b3c8516c993d8cc719b53535b,spike-trace/0.1.0,action,round-01-clip-022/action-001,round-01-clip-022/action-001,round-01-clip-022,1,receive,11,12,2274,2275,near,direct_clear,direct_video,eligible,,,,[],
YTDown.com_YouTube_Rangitoto-vs-Taka-National-Final-Sets-1-_Media_k3PdQgm2jVs_001_1080p-round-01/result-ff966d20b55884ad,c7c9d4c21ae8fb041eece192b9c4f2c66648c863fdf79c278f08ca11e6cfe06c,3b3baa474bf5d20e24a2e979b389e5d1b6df755b3c8516c993d8cc719b53535b,spike-trace/0.1.0,action,round-01-clip-022/action-002,round-01-clip-022/action-002,round-01-clip-022,2,set,13,14,2276,2277,near,direct_clear,direct_video,eligible,,,,[],
YTDown.com_YouTube_Rangitoto-vs-Taka-National-Final-Sets-1-_Media_k3PdQgm2jVs_001_1080p-round-01/result-ff966d20b55884ad,c7c9d4c21ae8fb041eece192b9c4f2c66648c863fdf79c278f08ca11e6cfe06c,3b3baa474bf5d20e24a2e979b389e5d1b6df755b3c8516c993d8cc719b53535b,spike-trace/0.1.0,action,round-01-clip-022/action-003,round-01-clip-022/action-003,round-01-clip-022,3,attack,14,15,2277,2278,near,direct_clear,direct_video,eligible,,,,[],
YTDown.com_YouTube_Rangitoto-vs-Taka-National-Final-Sets-1-_Media_k3PdQgm2jVs_001_1080p-round-01/result-ff966d20b55884ad,c7c9d4c21ae8fb041eece192b9c4f2c66648c863fdf79c278f08ca11e6cfe06c,3b3baa474bf5d20e24a2e979b389e5d1b6df755b3c8516c993d8cc719b53535b,spike-trace/0.1.0,action,round-01-clip-023/action-001,round-01-clip-023/action-001,round-01-clip-023,1,receive,4,5,2347.2,2348.2,near,direct_clear,direct_video,eligible,,,,[],
YTDown.com_YouTube_Rangitoto-vs-Taka-National-Final-Sets-1-_Media_k3PdQgm2jVs_001_1080p-round-01/result-ff966d20b55884ad,c7c9d4c21ae8fb041eece192b9c4f2c66648c863fdf79c278f08ca11e6cfe06c,3b3baa474bf5d20e24a2e979b389e5d1b6df755b3c8516c993d8cc719b53535b,spike-trace/0.1.0,action,round-01-clip-023/action-002,round-01-clip-023/action-002,round-01-clip-023,2,set,5,6,2348.2,2349.2,near,direct_clear,direct_video,eligible,,,,[],
YTDown.com_YouTube_Rangitoto-vs-Taka-National-Final-Sets-1-_Media_k3PdQgm2jVs_001_1080p-round-01/result-ff966d20b55884ad,c7c9d4c21ae8fb041eece192b9c4f2c66648c863fdf79c278f08ca11e6cfe06c,3b3baa474bf5d20e24a2e979b389e5d1b6df755b3c8516c993d8cc719b53535b,spike-trace/0.1.0,action,round-01-clip-023/action-003,round-01-clip-023/action-003,round-01-clip-023,3,attack,6,7,2349.2,2350.2,near,direct_clear,direct_video,eligible,,,,[],
YTDown.com_YouTube_Rangitoto-vs-Taka-National-Final-Sets-1-_Media_k3PdQgm2jVs_001_1080p-round-01/result-ff966d20b55884ad,c7c9d4c21ae8fb041eece192b9c4f2c66648c863fdf79c278f08ca11e6cfe06c,3b3baa474bf5d20e24a2e979b389e5d1b6df755b3c8516c993d8cc719b53535b,spike-trace/0.1.0,action,round-01-clip-023/action-004,round-01-clip-023/action-004,round-01-clip-023,4,background,6,7,2349.2,2350.2,near,direct_clear,sequence_context,excluded,,,,[],被拦回的保护
YTDown.com_YouTube_Rangitoto-vs-Taka-National-Final-Sets-1-_Media_k3PdQgm2jVs_001_1080p-round-01/result-ff966d20b55884ad,c7c9d4c21ae8fb041eece192b9c4f2c66648c863fdf79c278f08ca11e6cfe06c,3b3baa474bf5d20e24a2e979b389e5d1b6df755b3c8516c993d8cc719b53535b,spike-trace/0.1.0,action,round-01-clip-023/action-005,round-01-clip-023/action-005,round-01-clip-023,5,set,8,9,2351.2,2352.2,near,direct_clear,direct_video,eligible,,,,[],
YTDown.com_YouTube_Rangitoto-vs-Taka-National-Final-Sets-1-_Media_k3PdQgm2jVs_001_1080p-round-01/result-ff966d20b55884ad,c7c9d4c21ae8fb041eece192b9c4f2c66648c863fdf79c278f08ca11e6cfe06c,3b3baa474bf5d20e24a2e979b389e5d1b6df755b3c8516c993d8cc719b53535b,spike-trace/0.1.0,action,round-01-clip-023/action-006,round-01-clip-023/action-006,round-01-clip-023,6,attack,9,10,2352.2,2353.2,near,direct_clear,direct_video,eligible,,,,[],
YTDown.com_YouTube_Rangitoto-vs-Taka-National-Final-Sets-1-_Media_k3PdQgm2jVs_001_1080p-round-01/result-ff966d20b55884ad,c7c9d4c21ae8fb041eece192b9c4f2c66648c863fdf79c278f08ca11e6cfe06c,3b3baa474bf5d20e24a2e979b389e5d1b6df755b3c8516c993d8cc719b53535b,spike-trace/0.1.0,action,round-01-clip-024/action-001,round-01-clip-024/action-001,round-01-clip-024,1,receive,2,3,2369.6,2370.6,near,direct_clear,direct_video,eligible,,,,[],
YTDown.com_YouTube_Rangitoto-vs-Taka-National-Final-Sets-1-_Media_k3PdQgm2jVs_001_1080p-round-01/result-ff966d20b55884ad,c7c9d4c21ae8fb041eece192b9c4f2c66648c863fdf79c278f08ca11e6cfe06c,3b3baa474bf5d20e24a2e979b389e5d1b6df755b3c8516c993d8cc719b53535b,spike-trace/0.1.0,action,round-01-clip-024/action-002,round-01-clip-024/action-002,round-01-clip-024,2,block,6,7,2373.6,2374.6,near,direct_clear,direct_video,eligible,,,,[],
YTDown.com_YouTube_Rangitoto-vs-Taka-National-Final-Sets-1-_Media_k3PdQgm2jVs_001_1080p-round-01/result-ff966d20b55884ad,c7c9d4c21ae8fb041eece192b9c4f2c66648c863fdf79c278f08ca11e6cfe06c,3b3baa474bf5d20e24a2e979b389e5d1b6df755b3c8516c993d8cc719b53535b,spike-trace/0.1.0,action,round-01-clip-024/action-003,round-01-clip-024/action-003,round-01-clip-024,3,dig,7,8,2374.6,2375.6,near,direct_clear,direct_video,eligible,,,,[],
YTDown.com_YouTube_Rangitoto-vs-Taka-National-Final-Sets-1-_Media_k3PdQgm2jVs_001_1080p-round-01/result-ff966d20b55884ad,c7c9d4c21ae8fb041eece192b9c4f2c66648c863fdf79c278f08ca11e6cfe06c,3b3baa474bf5d20e24a2e979b389e5d1b6df755b3c8516c993d8cc719b53535b,spike-trace/0.1.0,action,round-01-clip-024/action-004,round-01-clip-024/action-004,round-01-clip-024,4,set,8,9,2375.6,2376.6,near,direct_clear,direct_video,eligible,,,,[],
YTDown.com_YouTube_Rangitoto-vs-Taka-National-Final-Sets-1-_Media_k3PdQgm2jVs_001_1080p-round-01/result-ff966d20b55884ad,c7c9d4c21ae8fb041eece192b9c4f2c66648c863fdf79c278f08ca11e6cfe06c,3b3baa474bf5d20e24a2e979b389e5d1b6df755b3c8516c993d8cc719b53535b,spike-trace/0.1.0,action,round-01-clip-024/action-005,round-01-clip-024/action-005,round-01-clip-024,5,free_ball,11,12,2378.6,2379.6,near,direct_clear,direct_video,eligible_as_background,,,,[],垫过去的自由球算不算进攻
YTDown.com_YouTube_Rangitoto-vs-Taka-National-Final-Sets-1-_Media_k3PdQgm2jVs_001_1080p-round-01/result-ff966d20b55884ad,c7c9d4c21ae8fb041eece192b9c4f2c66648c863fdf79c278f08ca11e6cfe06c,3b3baa474bf5d20e24a2e979b389e5d1b6df755b3c8516c993d8cc719b53535b,spike-trace/0.1.0,action,round-01-clip-024/action-006,round-01-clip-024/action-006,round-01-clip-024,6,block,15,16,2382.6,2383.6,near,direct_clear,direct_video,eligible,,,,[],
YTDown.com_YouTube_Rangitoto-vs-Taka-National-Final-Sets-1-_Media_k3PdQgm2jVs_001_1080p-round-01/result-ff966d20b55884ad,c7c9d4c21ae8fb041eece192b9c4f2c66648c863fdf79c278f08ca11e6cfe06c,3b3baa474bf5d20e24a2e979b389e5d1b6df755b3c8516c993d8cc719b53535b,spike-trace/0.1.0,action,round-01-clip-024/action-007,round-01-clip-024/action-007,round-01-clip-024,7,dig,16,17,2383.6,2384.6,near,direct_clear,direct_video,eligible,,,,[],
YTDown.com_YouTube_Rangitoto-vs-Taka-National-Final-Sets-1-_Media_k3PdQgm2jVs_001_1080p-round-01/result-ff966d20b55884ad,c7c9d4c21ae8fb041eece192b9c4f2c66648c863fdf79c278f08ca11e6cfe06c,3b3baa474bf5d20e24a2e979b389e5d1b6df755b3c8516c993d8cc719b53535b,spike-trace/0.1.0,action,round-01-clip-024/action-008,round-01-clip-024/action-008,round-01-clip-024,8,set,18,19,2385.6,2386.6,near,direct_clear,direct_video,eligible,,,,[],
YTDown.com_YouTube_Rangitoto-vs-Taka-National-Final-Sets-1-_Media_k3PdQgm2jVs_001_1080p-round-01/result-ff966d20b55884ad,c7c9d4c21ae8fb041eece192b9c4f2c66648c863fdf79c278f08ca11e6cfe06c,3b3baa474bf5d20e24a2e979b389e5d1b6df755b3c8516c993d8cc719b53535b,spike-trace/0.1.0,action,round-01-clip-024/action-009,round-01-clip-024/action-009,round-01-clip-024,9,attack,19,20,2386.6,2387.6,near,direct_clear,direct_video,eligible,,,,[],
YTDown.com_YouTube_Rangitoto-vs-Taka-National-Final-Sets-1-_Media_k3PdQgm2jVs_001_1080p-round-01/result-ff966d20b55884ad,c7c9d4c21ae8fb041eece192b9c4f2c66648c863fdf79c278f08ca11e6cfe06c,3b3baa474bf5d20e24a2e979b389e5d1b6df755b3c8516c993d8cc719b53535b,spike-trace/0.1.0,action,round-01-clip-027/action-001,round-01-clip-027/action-001,round-01-clip-027,1,receive,9,10,3929.2,3930.2,near,direct_clear,direct_video,eligible,,,,[],
YTDown.com_YouTube_Rangitoto-vs-Taka-National-Final-Sets-1-_Media_k3PdQgm2jVs_001_1080p-round-01/result-ff966d20b55884ad,c7c9d4c21ae8fb041eece192b9c4f2c66648c863fdf79c278f08ca11e6cfe06c,3b3baa474bf5d20e24a2e979b389e5d1b6df755b3c8516c993d8cc719b53535b,spike-trace/0.1.0,action,round-01-clip-028/action-001,round-01-clip-028/action-001,round-01-clip-028,1,dig,0,1,3961.6,3962.6,near,direct_clear,direct_video,eligible,,,,[],
YTDown.com_YouTube_Rangitoto-vs-Taka-National-Final-Sets-1-_Media_k3PdQgm2jVs_001_1080p-round-01/result-ff966d20b55884ad,c7c9d4c21ae8fb041eece192b9c4f2c66648c863fdf79c278f08ca11e6cfe06c,3b3baa474bf5d20e24a2e979b389e5d1b6df755b3c8516c993d8cc719b53535b,spike-trace/0.1.0,action,round-01-clip-028/action-002,round-01-clip-028/action-002,round-01-clip-028,2,set,1,2,3962.6,3963.6,near,direct_clear,direct_video,eligible,,,,[],
YTDown.com_YouTube_Rangitoto-vs-Taka-National-Final-Sets-1-_Media_k3PdQgm2jVs_001_1080p-round-01/result-ff966d20b55884ad,c7c9d4c21ae8fb041eece192b9c4f2c66648c863fdf79c278f08ca11e6cfe06c,3b3baa474bf5d20e24a2e979b389e5d1b6df755b3c8516c993d8cc719b53535b,spike-trace/0.1.0,action,round-01-clip-028/action-003,round-01-clip-028/action-003,round-01-clip-028,3,attack,2,3,3963.6,3964.6,near,direct_clear,direct_video,eligible,,,,[],
YTDown.com_YouTube_Rangitoto-vs-Taka-National-Final-Sets-1-_Media_k3PdQgm2jVs_001_1080p-round-01/result-ff966d20b55884ad,c7c9d4c21ae8fb041eece192b9c4f2c66648c863fdf79c278f08ca11e6cfe06c,3b3baa474bf5d20e24a2e979b389e5d1b6df755b3c8516c993d8cc719b53535b,spike-trace/0.1.0,action,round-01-clip-030/action-001,round-01-clip-030/action-001,round-01-clip-030,1,serve,10,11,4210,4211,near,direct_clear,direct_video,eligible,,,,[],
YTDown.com_YouTube_Rangitoto-vs-Taka-National-Final-Sets-1-_Media_k3PdQgm2jVs_001_1080p-round-01/result-ff966d20b55884ad,c7c9d4c21ae8fb041eece192b9c4f2c66648c863fdf79c278f08ca11e6cfe06c,3b3baa474bf5d20e24a2e979b389e5d1b6df755b3c8516c993d8cc719b53535b,spike-trace/0.1.0,action,round-01-clip-031/action-001,round-01-clip-031/action-001,round-01-clip-031,1,serve,12,13,4374.2,4375.2,near,direct_clear,direct_video,eligible,,,,[],
YTDown.com_YouTube_Rangitoto-vs-Taka-National-Final-Sets-1-_Media_k3PdQgm2jVs_001_1080p-round-01/result-ff966d20b55884ad,c7c9d4c21ae8fb041eece192b9c4f2c66648c863fdf79c278f08ca11e6cfe06c,3b3baa474bf5d20e24a2e979b389e5d1b6df755b3c8516c993d8cc719b53535b,spike-trace/0.1.0,action,round-01-clip-034/action-001,round-01-clip-034/action-001,round-01-clip-034,1,serve,2,3,4443,4444,near,direct_clear,direct_video,eligible,,,,[],根据裁判手势判断得分了
YTDown.com_YouTube_Rangitoto-vs-Taka-National-Final-Sets-1-_Media_k3PdQgm2jVs_001_1080p-round-01/result-ff966d20b55884ad,c7c9d4c21ae8fb041eece192b9c4f2c66648c863fdf79c278f08ca11e6cfe06c,3b3baa474bf5d20e24a2e979b389e5d1b6df755b3c8516c993d8cc719b53535b,spike-trace/0.1.0,action,round-01-clip-037/action-001,round-01-clip-037/action-001,round-01-clip-037,1,receive,11,12,5366,5367,near,direct_clear,direct_video,eligible,,,,[],
YTDown.com_YouTube_Rangitoto-vs-Taka-National-Final-Sets-1-_Media_k3PdQgm2jVs_001_1080p-round-01/result-ff966d20b55884ad,c7c9d4c21ae8fb041eece192b9c4f2c66648c863fdf79c278f08ca11e6cfe06c,3b3baa474bf5d20e24a2e979b389e5d1b6df755b3c8516c993d8cc719b53535b,spike-trace/0.1.0,action,round-01-clip-037/action-002,round-01-clip-037/action-002,round-01-clip-037,2,set,12,13,5367,5368,near,direct_clear,direct_video,eligible,,,,[],
YTDown.com_YouTube_Rangitoto-vs-Taka-National-Final-Sets-1-_Media_k3PdQgm2jVs_001_1080p-round-01/result-ff966d20b55884ad,c7c9d4c21ae8fb041eece192b9c4f2c66648c863fdf79c278f08ca11e6cfe06c,3b3baa474bf5d20e24a2e979b389e5d1b6df755b3c8516c993d8cc719b53535b,spike-trace/0.1.0,action,round-01-clip-040/action-001,round-01-clip-040/action-001,round-01-clip-040,1,receive,8,9,6494,6495,near,direct_clear,direct_video,eligible,,,,[],
YTDown.com_YouTube_Rangitoto-vs-Taka-National-Final-Sets-1-_Media_k3PdQgm2jVs_001_1080p-round-01/result-ff966d20b55884ad,c7c9d4c21ae8fb041eece192b9c4f2c66648c863fdf79c278f08ca11e6cfe06c,3b3baa474bf5d20e24a2e979b389e5d1b6df755b3c8516c993d8cc719b53535b,spike-trace/0.1.0,action,round-01-clip-040/action-002,round-01-clip-040/action-002,round-01-clip-040,2,set,9,10,6495,6496,near,direct_clear,direct_video,eligible,,,,[],
YTDown.com_YouTube_Rangitoto-vs-Taka-National-Final-Sets-1-_Media_k3PdQgm2jVs_001_1080p-round-01/result-ff966d20b55884ad,c7c9d4c21ae8fb041eece192b9c4f2c66648c863fdf79c278f08ca11e6cfe06c,3b3baa474bf5d20e24a2e979b389e5d1b6df755b3c8516c993d8cc719b53535b,spike-trace/0.1.0,action,round-01-clip-040/action-003,round-01-clip-040/action-003,round-01-clip-040,3,attack,11,12,6497,6498,near,direct_clear,direct_video,eligible,,,,[],
YTDown.com_YouTube_Rangitoto-vs-Taka-National-Final-Sets-1-_Media_k3PdQgm2jVs_001_1080p-round-01/result-ff966d20b55884ad,c7c9d4c21ae8fb041eece192b9c4f2c66648c863fdf79c278f08ca11e6cfe06c,3b3baa474bf5d20e24a2e979b389e5d1b6df755b3c8516c993d8cc719b53535b,spike-trace/0.1.0,action,round-01-clip-001/action-001,round-01-clip-001/action-001,round-01-clip-001,1,background,,,,,near,direct_clear,direct_video,excluded,,,,[],
YTDown.com_YouTube_Rangitoto-vs-Taka-National-Final-Sets-1-_Media_k3PdQgm2jVs_001_1080p-round-01/result-ff966d20b55884ad,c7c9d4c21ae8fb041eece192b9c4f2c66648c863fdf79c278f08ca11e6cfe06c,3b3baa474bf5d20e24a2e979b389e5d1b6df755b3c8516c993d8cc719b53535b,spike-trace/0.1.0,action,round-01-clip-002/action-001,round-01-clip-002/action-001,round-01-clip-002,1,background,,,,,near,direct_clear,direct_video,excluded,,,,[],
YTDown.com_YouTube_Rangitoto-vs-Taka-National-Final-Sets-1-_Media_k3PdQgm2jVs_001_1080p-round-01/result-ff966d20b55884ad,c7c9d4c21ae8fb041eece192b9c4f2c66648c863fdf79c278f08ca11e6cfe06c,3b3baa474bf5d20e24a2e979b389e5d1b6df755b3c8516c993d8cc719b53535b,spike-trace/0.1.0,action,round-01-clip-003/action-001,round-01-clip-003/action-001,round-01-clip-003,1,background,,,,,near,direct_clear,direct_video,excluded,,,,[],
YTDown.com_YouTube_Rangitoto-vs-Taka-National-Final-Sets-1-_Media_k3PdQgm2jVs_001_1080p-round-01/result-ff966d20b55884ad,c7c9d4c21ae8fb041eece192b9c4f2c66648c863fdf79c278f08ca11e6cfe06c,3b3baa474bf5d20e24a2e979b389e5d1b6df755b3c8516c993d8cc719b53535b,spike-trace/0.1.0,action,round-01-clip-004/action-001,round-01-clip-004/action-001,round-01-clip-004,1,background,,,,,near,direct_clear,direct_video,excluded,,,,[],
YTDown.com_YouTube_Rangitoto-vs-Taka-National-Final-Sets-1-_Media_k3PdQgm2jVs_001_1080p-round-01/result-ff966d20b55884ad,c7c9d4c21ae8fb041eece192b9c4f2c66648c863fdf79c278f08ca11e6cfe06c,3b3baa474bf5d20e24a2e979b389e5d1b6df755b3c8516c993d8cc719b53535b,spike-trace/0.1.0,action,round-01-clip-005/action-001,round-01-clip-005/action-001,round-01-clip-005,1,background,,,,,near,direct_clear,direct_video,excluded,,,,[],
YTDown.com_YouTube_Rangitoto-vs-Taka-National-Final-Sets-1-_Media_k3PdQgm2jVs_001_1080p-round-01/result-ff966d20b55884ad,c7c9d4c21ae8fb041eece192b9c4f2c66648c863fdf79c278f08ca11e6cfe06c,3b3baa474bf5d20e24a2e979b389e5d1b6df755b3c8516c993d8cc719b53535b,spike-trace/0.1.0,action,round-01-clip-008/action-001,round-01-clip-008/action-001,round-01-clip-008,1,background,,,,,near,direct_clear,direct_video,excluded,,,,[],
YTDown.com_YouTube_Rangitoto-vs-Taka-National-Final-Sets-1-_Media_k3PdQgm2jVs_001_1080p-round-01/result-ff966d20b55884ad,c7c9d4c21ae8fb041eece192b9c4f2c66648c863fdf79c278f08ca11e6cfe06c,3b3baa474bf5d20e24a2e979b389e5d1b6df755b3c8516c993d8cc719b53535b,spike-trace/0.1.0,action,round-01-clip-012/action-001,round-01-clip-012/action-001,round-01-clip-012,1,background,,,,,near,direct_clear,direct_video,excluded,,,,[],
YTDown.com_YouTube_Rangitoto-vs-Taka-National-Final-Sets-1-_Media_k3PdQgm2jVs_001_1080p-round-01/result-ff966d20b55884ad,c7c9d4c21ae8fb041eece192b9c4f2c66648c863fdf79c278f08ca11e6cfe06c,3b3baa474bf5d20e24a2e979b389e5d1b6df755b3c8516c993d8cc719b53535b,spike-trace/0.1.0,action,round-01-clip-013/action-001,round-01-clip-013/action-001,round-01-clip-013,1,background,,,,,near,direct_clear,direct_video,excluded,,,,[],
YTDown.com_YouTube_Rangitoto-vs-Taka-National-Final-Sets-1-_Media_k3PdQgm2jVs_001_1080p-round-01/result-ff966d20b55884ad,c7c9d4c21ae8fb041eece192b9c4f2c66648c863fdf79c278f08ca11e6cfe06c,3b3baa474bf5d20e24a2e979b389e5d1b6df755b3c8516c993d8cc719b53535b,spike-trace/0.1.0,action,round-01-clip-014/action-001,round-01-clip-014/action-001,round-01-clip-014,1,background,,,,,near,direct_clear,direct_video,excluded,,,,[],对方发球失误，不算任何动作。球飞出屏幕无法判断动作，则看裁判手势进行预测？
YTDown.com_YouTube_Rangitoto-vs-Taka-National-Final-Sets-1-_Media_k3PdQgm2jVs_001_1080p-round-01/result-ff966d20b55884ad,c7c9d4c21ae8fb041eece192b9c4f2c66648c863fdf79c278f08ca11e6cfe06c,3b3baa474bf5d20e24a2e979b389e5d1b6df755b3c8516c993d8cc719b53535b,spike-trace/0.1.0,action,round-01-clip-020/action-001,round-01-clip-020/action-001,round-01-clip-020,1,background,,,,,near,direct_clear,direct_video,excluded,,,,[],
YTDown.com_YouTube_Rangitoto-vs-Taka-National-Final-Sets-1-_Media_k3PdQgm2jVs_001_1080p-round-01/result-ff966d20b55884ad,c7c9d4c21ae8fb041eece192b9c4f2c66648c863fdf79c278f08ca11e6cfe06c,3b3baa474bf5d20e24a2e979b389e5d1b6df755b3c8516c993d8cc719b53535b,spike-trace/0.1.0,action,round-01-clip-025/action-001,round-01-clip-025/action-001,round-01-clip-025,1,background,,,,,near,direct_clear,direct_video,excluded,,,,[],
YTDown.com_YouTube_Rangitoto-vs-Taka-National-Final-Sets-1-_Media_k3PdQgm2jVs_001_1080p-round-01/result-ff966d20b55884ad,c7c9d4c21ae8fb041eece192b9c4f2c66648c863fdf79c278f08ca11e6cfe06c,3b3baa474bf5d20e24a2e979b389e5d1b6df755b3c8516c993d8cc719b53535b,spike-trace/0.1.0,action,round-01-clip-026/action-001,round-01-clip-026/action-001,round-01-clip-026,1,background,,,,,near,direct_clear,direct_video,excluded,,,,[],这场比赛采用每局都换边的记录方式，所以没有near far之分，都是near
YTDown.com_YouTube_Rangitoto-vs-Taka-National-Final-Sets-1-_Media_k3PdQgm2jVs_001_1080p-round-01/result-ff966d20b55884ad,c7c9d4c21ae8fb041eece192b9c4f2c66648c863fdf79c278f08ca11e6cfe06c,3b3baa474bf5d20e24a2e979b389e5d1b6df755b3c8516c993d8cc719b53535b,spike-trace/0.1.0,action,round-01-clip-029/action-001,round-01-clip-029/action-001,round-01-clip-029,1,background,,,,,near,direct_clear,direct_video,excluded,,,,[],
YTDown.com_YouTube_Rangitoto-vs-Taka-National-Final-Sets-1-_Media_k3PdQgm2jVs_001_1080p-round-01/result-ff966d20b55884ad,c7c9d4c21ae8fb041eece192b9c4f2c66648c863fdf79c278f08ca11e6cfe06c,3b3baa474bf5d20e24a2e979b389e5d1b6df755b3c8516c993d8cc719b53535b,spike-trace/0.1.0,action,round-01-clip-032/action-001,round-01-clip-032/action-001,round-01-clip-032,1,background,,,,,near,direct_clear,direct_video,excluded,,,,[],
YTDown.com_YouTube_Rangitoto-vs-Taka-National-Final-Sets-1-_Media_k3PdQgm2jVs_001_1080p-round-01/result-ff966d20b55884ad,c7c9d4c21ae8fb041eece192b9c4f2c66648c863fdf79c278f08ca11e6cfe06c,3b3baa474bf5d20e24a2e979b389e5d1b6df755b3c8516c993d8cc719b53535b,spike-trace/0.1.0,action,round-01-clip-033/action-001,round-01-clip-033/action-001,round-01-clip-033,1,background,,,,,near,direct_clear,direct_video,excluded,,,,[],
YTDown.com_YouTube_Rangitoto-vs-Taka-National-Final-Sets-1-_Media_k3PdQgm2jVs_001_1080p-round-01/result-ff966d20b55884ad,c7c9d4c21ae8fb041eece192b9c4f2c66648c863fdf79c278f08ca11e6cfe06c,3b3baa474bf5d20e24a2e979b389e5d1b6df755b3c8516c993d8cc719b53535b,spike-trace/0.1.0,action,round-01-clip-035/action-001,round-01-clip-035/action-001,round-01-clip-035,1,background,,,,,near,direct_clear,direct_video,excluded,,,,[],镜头被完全遮挡，虽然人工能够推断动作，但是还是直接不算进数据了。要计入镜头遮挡画面次数，并且与数据同步输出
YTDown.com_YouTube_Rangitoto-vs-Taka-National-Final-Sets-1-_Media_k3PdQgm2jVs_001_1080p-round-01/result-ff966d20b55884ad,c7c9d4c21ae8fb041eece192b9c4f2c66648c863fdf79c278f08ca11e6cfe06c,3b3baa474bf5d20e24a2e979b389e5d1b6df755b3c8516c993d8cc719b53535b,spike-trace/0.1.0,action,round-01-clip-036/action-001,round-01-clip-036/action-001,round-01-clip-036,1,background,,,,,near,direct_clear,direct_video,excluded,,,,[],
YTDown.com_YouTube_Rangitoto-vs-Taka-National-Final-Sets-1-_Media_k3PdQgm2jVs_001_1080p-round-01/result-ff966d20b55884ad,c7c9d4c21ae8fb041eece192b9c4f2c66648c863fdf79c278f08ca11e6cfe06c,3b3baa474bf5d20e24a2e979b389e5d1b6df755b3c8516c993d8cc719b53535b,spike-trace/0.1.0,action,round-01-clip-038/action-001,round-01-clip-038/action-001,round-01-clip-038,1,background,,,,,near,direct_clear,direct_video,excluded,,,,[],
YTDown.com_YouTube_Rangitoto-vs-Taka-National-Final-Sets-1-_Media_k3PdQgm2jVs_001_1080p-round-01/result-ff966d20b55884ad,c7c9d4c21ae8fb041eece192b9c4f2c66648c863fdf79c278f08ca11e6cfe06c,3b3baa474bf5d20e24a2e979b389e5d1b6df755b3c8516c993d8cc719b53535b,spike-trace/0.1.0,action,round-01-clip-039/action-001,round-01-clip-039/action-001,round-01-clip-039,1,background,,,,,near,direct_clear,direct_video,excluded,,,,[],
YTDown.com_YouTube_Rangitoto-vs-Taka-National-Final-Sets-1-_Media_k3PdQgm2jVs_001_1080p-round-01/result-ff966d20b55884ad,c7c9d4c21ae8fb041eece192b9c4f2c66648c863fdf79c278f08ca11e6cfe06c,3b3baa474bf5d20e24a2e979b389e5d1b6df755b3c8516c993d8cc719b53535b,spike-trace/0.1.0,outcome,YTDown.com_YouTube_Rangitoto-vs-Taka-National-Final-Sets-1-_Media_k3PdQgm2jVs_001_1080p-round-01/result-ff966d20b55884ad/outcome-001,,,,,,,,,,,direct_video,,point_lost,,observed_or_inferred,"[""round-01-clip-007/action-002""]",原备注确认随后失分，但未补写不存在的 dig 动作。
YTDown.com_YouTube_Rangitoto-vs-Taka-National-Final-Sets-1-_Media_k3PdQgm2jVs_001_1080p-round-01/result-ff966d20b55884ad,c7c9d4c21ae8fb041eece192b9c4f2c66648c863fdf79c278f08ca11e6cfe06c,3b3baa474bf5d20e24a2e979b389e5d1b6df755b3c8516c993d8cc719b53535b,spike-trace/0.1.0,outcome,YTDown.com_YouTube_Rangitoto-vs-Taka-National-Final-Sets-1-_Media_k3PdQgm2jVs_001_1080p-round-01/result-ff966d20b55884ad/outcome-002,,,,,,,,,,,referee_signal,,point_won,opponent_serve_error,observed_or_inferred,"[""round-01-clip-014/action-001""]",原备注记录对方发球失误；只保存裁判手势支持的得分结果，不补我方动作。
YTDown.com_YouTube_Rangitoto-vs-Taka-National-Final-Sets-1-_Media_k3PdQgm2jVs_001_1080p-round-01/result-ff966d20b55884ad,c7c9d4c21ae8fb041eece192b9c4f2c66648c863fdf79c278f08ca11e6cfe06c,3b3baa474bf5d20e24a2e979b389e5d1b6df755b3c8516c993d8cc719b53535b,spike-trace/0.1.0,outcome,YTDown.com_YouTube_Rangitoto-vs-Taka-National-Final-Sets-1-_Media_k3PdQgm2jVs_001_1080p-round-01/result-ff966d20b55884ad/outcome-003,,,,,,,,,,,direct_video,,point_lost,free_ball_error,observed_or_inferred,"[""round-01-clip-018/supplemental-001""]",原备注说明 8-9 秒自由球未过网并直接失分。
YTDown.com_YouTube_Rangitoto-vs-Taka-National-Final-Sets-1-_Media_k3PdQgm2jVs_001_1080p-round-01/result-ff966d20b55884ad,c7c9d4c21ae8fb041eece192b9c4f2c66648c863fdf79c278f08ca11e6cfe06c,3b3baa474bf5d20e24a2e979b389e5d1b6df755b3c8516c993d8cc719b53535b,spike-trace/0.1.0,outcome,YTDown.com_YouTube_Rangitoto-vs-Taka-National-Final-Sets-1-_Media_k3PdQgm2jVs_001_1080p-round-01/result-ff966d20b55884ad/outcome-004,,,,,,,,,,,referee_signal,,point_won,service_winner,observed_or_inferred,"[""round-01-clip-034/action-001""]",发球动作直接可见；原备注仅依据裁判手势确认得分。
